,Angle,PositionAt110Y,HangTime,HitSpinRate,PositionAt110X,LastTrackedDistance,ExitSpeed,Bearing,PlayResult,3B,5_6_Hole,SS,Up_the_Middle,2B,3_4_Hole,1B,cluster #
16,9.082239143999999,12.24382114,1.85291748,2556.62029,104.6074393,214.21713509999998,99.85726138,-21.14506564,1,0.0,0.0,1.0,0.0,0.0,0.0,0.0,4.0
21,11.49593727,17.31374718,2.290113525,1332.0248390000004,108.12048610000001,248.2334727,95.35686319,-11.72432717,1,0.0,0.0,1.0,0.0,0.0,0.0,0.0,4.0
22,19.91189462,38.46456328,4.0588763430000006,1802.9480079999998,106.6344764,357.5506712,99.54049739,-12.89107967,0,0.0,0.0,1.0,0.0,0.0,0.0,0.0,4.0
40,22.51594688,39.70374936,3.735388794,2926.6760289999997,108.70621609999999,299.84770499999996,87.08580262,-12.58420265,0,0.0,0.0,1.0,0.0,0.0,0.0,0.0,4.0
42,5.250086327,1.9619034819999999,0.8958691409999999,1068.019536,105.35689950000001,122.55447360000001,104.7291905,-16.85654773,1,0.0,0.0,1.0,0.0,0.0,0.0,0.0,4.0
52,12.77044132,14.25247773,2.048550415,1313.819451,106.5772104,185.9918814,76.89105816,-14.96157494,1,0.0,0.0,1.0,0.0,0.0,0.0,0.0,4.0
55,11.55722262,18.53086763,2.2233312990000003,2057.200903,106.2183107,240.1770262,98.79937125,-19.69647252,1,0.0,0.0,1.0,0.0,0.0,0.0,0.0,4.0
57,19.19839553,35.66280658,3.656185303,1258.4856949999999,107.0306486,329.1488584,93.15643731,-14.64942229,1,0.0,0.0,1.0,0.0,0.0,0.0,0.0,4.0
67,49.22539617,95.31127695,5.102510376000001,2415.993778,106.5341659,134.72269939999998,76.47658221,-18.12072279,0,0.0,0.0,1.0,0.0,0.0,0.0,0.0,4.0
72,7.9472916,4.509919825,1.254175415,517.8649845,104.9285729,138.1345779,89.1686613,-17.53965011,1,0.0,0.0,1.0,0.0,0.0,0.0,0.0,4.0
74,14.34782182,24.56686881,2.736550293,1123.8889390000004,106.81499380000001,299.5074595000001,105.42179209999999,-16.27989504,1,0.0,0.0,1.0,0.0,0.0,0.0,0.0,4.0
75,33.15647939,61.82704508,4.578225708,2123.836625,106.4399358,316.2626646,86.87392446,-20.00358357,0,0.0,0.0,1.0,0.0,0.0,0.0,0.0,4.0
84,13.76245531,21.79787885,2.746147461,1236.336392,107.1893001,283.8577328,97.15751865,-14.31726565,1,0.0,0.0,1.0,0.0,0.0,0.0,0.0,4.0
88,44.23966214,95.59689915,5.524755249,2396.351984,106.29259420000001,184.5529501,89.25375291,-19.06579765,0,0.0,0.0,1.0,0.0,0.0,0.0,0.0,4.0
89,22.14096872,43.38258647,4.398173218,1539.439545,105.57047779999999,362.6158236,95.89580486,-14.80041616,1,0.0,0.0,1.0,0.0,0.0,0.0,0.0,4.0
96,12.4840474,18.29221023,2.33395813,2586.732546,107.1046348,249.04569590000003,97.67932616,-17.627589999999994,1,0.0,0.0,1.0,0.0,0.0,0.0,0.0,4.0
102,23.36908699,35.3838114,3.3366424560000003,800.0119602999997,105.25125190000001,253.5273815,76.64966517,-17.23804287,0,0.0,0.0,1.0,0.0,0.0,0.0,0.0,4.0
103,23.16826684,44.87002254,4.474057007,1086.873565,107.30353840000001,320.6111446999999,94.30947667,-12.7303789,0,0.0,0.0,1.0,0.0,0.0,0.0,0.0,4.0
104,17.10133011,17.09453611,2.046655884,823.1916682,105.47527749999999,179.9333017,75.88497828,-18.05504834,1,0.0,0.0,1.0,0.0,0.0,0.0,0.0,4.0
106,20.45094667,29.33379212,3.070645752,1107.998257,108.79941240000001,234.3060762,75.36235898,-11.62555796,1,0.0,0.0,1.0,0.0,0.0,0.0,0.0,4.0
127,32.29496119,58.36168534,4.273070679,1846.5221239999998,108.7319754,258.00299680000006,78.7232166,-13.19032201,0,0.0,0.0,1.0,0.0,0.0,0.0,0.0,4.0
130,24.61666389,44.040232,4.262648315,2309.183361,105.15387630000001,318.6175616000001,93.98499255,-18.4073691,0,0.0,0.0,1.0,0.0,0.0,0.0,0.0,4.0
144,22.51776034,40.99066899,4.031480103,1139.9283050000001,105.68823959999999,303.8564934,93.20568852,-14.29855457,0,0.0,0.0,1.0,0.0,0.0,0.0,0.0,4.0
150,22.67485668,41.07694484,4.085239868,1638.209323,103.84141740000001,354.16747169999996,105.1425635,-21.08456414,1,0.0,0.0,1.0,0.0,0.0,0.0,0.0,4.0
169,44.79519396,83.32961597,4.572445678999999,1920.449977,104.30159870000001,121.990728,73.18384872,-17.67754882,0,0.0,0.0,1.0,0.0,0.0,0.0,0.0,4.0
179,9.323522548,11.04949682,1.5837323,1031.447514,106.12287309999999,187.2243407,100.44659240000001,-17.27925436,1,0.0,0.0,1.0,0.0,0.0,0.0,0.0,4.0
188,24.58407932,45.18331252,4.4218170169999995,1178.6686630000004,109.0145862,359.54588870000015,97.52802141,-13.88127814,1,0.0,0.0,1.0,0.0,0.0,0.0,0.0,4.0
200,7.629461626,5.912185695,1.351934814,2757.518371,106.3254707,149.9026105,89.67188892,-16.51832939,1,0.0,0.0,1.0,0.0,0.0,0.0,0.0,4.0
203,23.75628827,45.10418993,4.387404175,1538.384917,105.74731409999998,358.481613,100.0261676,-18.090499899999998,1,0.0,0.0,1.0,0.0,0.0,0.0,0.0,4.0
212,31.7398153,62.24097147,4.794442749,1372.046161,107.89154099999999,317.7608553,90.41982094,-16.54690551,0,0.0,0.0,1.0,0.0,0.0,0.0,0.0,4.0
214,24.16859047,40.64503381,3.7098577880000003,2029.0512039999999,105.12794369999999,274.5253264,85.52229529,-16.59026141,1,0.0,0.0,1.0,0.0,0.0,0.0,0.0,4.0
215,30.57075645,58.92264622,4.69704895,2222.701427,106.78982450000001,310.7195522,86.01977477,-12.53930759,0,0.0,0.0,1.0,0.0,0.0,0.0,0.0,4.0
221,60.11941519,41.07561039,4.598931274,1931.6661510000001,105.6151943,57.90979741,61.76966669,-16.20000822,0,0.0,0.0,1.0,0.0,0.0,0.0,0.0,4.0
227,19.98950166,34.62679499,3.250647583,1133.9583289999996,104.3041249,283.1112137,89.35696526,-21.54636063,1,0.0,0.0,1.0,0.0,0.0,0.0,0.0,4.0
228,35.16045774,57.38826510000001,4.097145386,1555.510004,105.62595400000001,223.957911,66.25896557,-15.05983368,0,0.0,0.0,1.0,0.0,0.0,0.0,0.0,4.0
240,33.65212097,71.45363814,5.575601196,3103.4451719999997,107.0264087,140.52538,100.1369492,-14.97518379,1,0.0,0.0,1.0,0.0,0.0,0.0,0.0,4.0
244,30.84830687,57.02598783,4.4086676030000005,2385.288637,106.05289280000001,300.2873278,79.47993079,-15.18775895,0,0.0,0.0,1.0,0.0,0.0,0.0,0.0,4.0
245,49.75871417,110.4352382,5.813555298,3435.022283,108.7704439,148.0363092,86.44281197,-11.48006467,0,0.0,0.0,1.0,0.0,0.0,0.0,0.0,4.0
269,38.85605379999999,75.29123047,4.9788677980000005,2155.022032,105.4196215,112.5263366,85.02068841,-25.03624707,0,0.0,0.0,1.0,0.0,0.0,0.0,0.0,4.0
271,25.34316331,49.08988855,4.712107544,1512.145367,103.3516104,363.4407178,95.14442549,19.38556727,1,0.0,0.0,1.0,0.0,0.0,0.0,0.0,4.0
272,26.02753593,50.17843222,4.680585327,2347.392878,101.5877399,198.086645,101.7959474,-21.53882416,1,0.0,0.0,1.0,0.0,0.0,0.0,0.0,4.0
288,42.8174781,83.57245737,4.641578979,1455.158651,109.68027,135.78778480000003,74.66772911,-6.941702379,0,0.0,0.0,1.0,0.0,0.0,0.0,0.0,4.0
292,24.73870025,49.32250808,4.708717651000001,2271.56308,109.7755591,327.7878767,91.85898796,2.51869438,0,0.0,0.0,1.0,0.0,0.0,0.0,0.0,4.0
296,5.927144061,6.414689978999999,1.403710327,806.2159766,109.9881608,163.0103436,99.19003326,1.924742503,1,0.0,0.0,1.0,0.0,0.0,0.0,0.0,4.0
299,48.88389247,92.25657193,4.706603394,2209.636158,101.7487093,101.4012808,71.88504717,-26.28487827,0,0.0,0.0,1.0,0.0,0.0,0.0,0.0,4.0
300,15.3160511,28.20951705,3.46757019,2290.4906579999997,109.6391977,316.5304814,101.108704,-9.588612499,0,0.0,0.0,1.0,0.0,0.0,0.0,0.0,4.0
309,11.66327147,15.470348199999998,1.996096191,2575.92886,105.42260520000002,200.500525,89.25045205,20.62375356,1,0.0,0.0,1.0,0.0,0.0,0.0,0.0,4.0
316,18.02591191,26.47686818,2.80359436,3366.276101,90.77911377,209.6225366,82.77931945,-39.45416524,1,0.0,0.0,1.0,0.0,0.0,0.0,0.0,4.0
329,16.91118673,22.86064059,2.300628052,2113.8296579999997,94.68790491,221.557438,104.86639270000002,-35.63446240000001,1,0.0,0.0,1.0,0.0,0.0,0.0,0.0,4.0
350,25.44045491,27.83519629,2.747543335,985.2339112,88.56859417,166.71922680000003,63.37121898,40.34721802,1,0.0,0.0,1.0,0.0,0.0,0.0,0.0,4.0
351,27.04931985,55.8056685,5.226016235,2243.474667,106.3524633,174.3625885,101.67787009999999,16.92798617,1,0.0,0.0,1.0,0.0,0.0,0.0,0.0,4.0
355,26.50755204,46.34951829999999,3.962822876,1623.808253,109.82612179999998,232.1092805,77.08824923,-9.950846013,0,0.0,0.0,1.0,0.0,0.0,0.0,0.0,4.0
358,29.32480071,58.78220714,5.073346558,1997.1381559999998,108.79934920000001,262.6119102,99.00676881,17.25828415,1,0.0,0.0,1.0,0.0,0.0,0.0,0.0,4.0
359,11.60814778,13.83720291,1.578651733,2486.223556,83.33964423,166.28075280000004,103.61716640000002,-44.32375224,1,0.0,0.0,1.0,0.0,0.0,0.0,0.0,4.0
362,18.16571448,28.6099575,2.8214251710000005,2490.20315,88.52477186,158.98887040000002,98.16638344,43.43241529,1,0.0,0.0,1.0,0.0,0.0,0.0,0.0,4.0
368,24.07888616,45.38026282,4.563346558,1375.8681800000006,107.53723149999999,342.67762,98.05326847,-10.07339246,0,0.0,0.0,1.0,0.0,0.0,0.0,0.0,4.0
370,29.63270462,57.37155663,4.6182269289999995,1520.9296470000006,106.276327,276.3512387,85.84139324,-13.77114242,0,0.0,0.0,1.0,0.0,0.0,0.0,0.0,4.0
373,4.827548185,0.245159068,0.826675415,1269.77406,103.9097277,107.95415220000001,104.068973,19.19372976,0,0.0,0.0,1.0,0.0,0.0,0.0,0.0,4.0
390,23.6263477,39.98743451,3.3566607669999997,2187.692576000001,89.4359505,172.1132706,89.29635697,40.66490616,1,0.0,0.0,1.0,0.0,0.0,0.0,0.0,4.0
398,33.30988408,60.2660372,4.451135863999999,1753.1197079999995,106.9087982,280.9496092,81.34347895,20.00054317,0,0.0,0.0,1.0,0.0,0.0,0.0,0.0,4.0
423,12.60727206,20.59551608,2.735571899,862.5445347000001,109.18487990000001,284.27444449999996,97.41389699,11.47713655,0,0.0,0.0,1.0,0.0,0.0,0.0,0.0,4.0
428,11.36980398,12.99347176,1.631378174,1716.084827,97.58244401,186.31320459999998,95.08224451,-30.11145876,1,0.0,0.0,1.0,0.0,0.0,0.0,0.0,4.0
432,63.43520143,121.60292199999999,5.394727173,1675.495598,62.09190446,41.29615948,77.77814846,57.21725507,0,0.0,0.0,1.0,0.0,0.0,0.0,0.0,4.0
434,11.60061446,15.30482262,1.7787188719999998,2449.4187660000002,89.93333134,174.5512308,104.51466629999999,38.93258348,1,0.0,0.0,1.0,0.0,0.0,0.0,0.0,4.0
436,12.0161838,13.64690963,1.7952410890000001,2587.532051,91.70395681,184.1506487,88.6071781,-36.30161237,1,0.0,0.0,1.0,0.0,0.0,0.0,0.0,4.0
450,32.99241846,74.61274379999998,5.749425659,2242.503471,109.05799099999999,164.56498430000005,98.58753033,-4.1529814410000006,0,0.0,0.0,1.0,0.0,0.0,0.0,0.0,4.0
457,10.37974971,9.094571712,1.3266119379999999,3198.4388010000002,89.16616588,159.7723107,99.79572982,-37.79430973,1,0.0,0.0,1.0,0.0,0.0,0.0,0.0,4.0
461,39.08212163,79.64313076,5.209284058,2259.398466,98.25861563,95.27464088,85.34773349999998,-34.41718529,0,0.0,0.0,1.0,0.0,0.0,0.0,0.0,4.0
471,20.56638982,35.93624195,3.6921771239999996,1066.598031,106.0772706,324.1659795,98.74253359,19.69076584,1,0.0,0.0,1.0,0.0,0.0,0.0,0.0,4.0
504,35.4362822,73.08377367,5.52286438,3009.339175,108.07328840000001,150.6982697,94.12279816,13.46135082,0,0.0,0.0,1.0,0.0,0.0,0.0,0.0,4.0
514,17.1495832,18.51588556,2.115901489,972.9697284,105.7662797,195.67462969999997,80.70341537,17.60090748,1,0.0,0.0,1.0,0.0,0.0,0.0,0.0,4.0
518,7.818569675,4.476504106,1.245859985,1174.558842,101.4572293,136.6229229,87.72717306,23.57700042,1,0.0,0.0,1.0,0.0,0.0,0.0,0.0,4.0
521,17.61344627,29.43922012,3.1445202639999996,1900.3868670000002,108.9375909,292.01713039999987,91.75053163,-12.10244313,1,0.0,0.0,1.0,0.0,0.0,0.0,0.0,4.0
525,41.42991877,39.87806527,3.569024048,3610.8679119999997,101.4267261,149.30252959999999,53.52175935,-22.07533456,0,0.0,0.0,1.0,0.0,0.0,0.0,0.0,4.0
530,26.47336259,49.24737605,4.147122192,4692.661966,94.54308008,133.2630355,91.8431078,40.92781712,1,0.0,0.0,1.0,0.0,0.0,0.0,0.0,4.0
542,9.857258913999999,11.30991042,1.783751831,4921.668705,92.43131426,176.5641763,88.61178120000002,36.3468854,1,0.0,0.0,1.0,0.0,0.0,0.0,0.0,4.0
557,9.364298482,7.933047501,1.347359009,793.7588479,109.3452898,153.06064130000001,95.31147058,7.36106067,0,0.0,0.0,1.0,0.0,0.0,0.0,0.0,4.0
558,51.14556352,53.93641382,4.120579224,4183.44619,103.8912641,146.1835001,56.68915285,20.93770921,0,0.0,0.0,1.0,0.0,0.0,0.0,0.0,4.0
561,31.81206255,56.50380847,4.495906372,2466.934402,109.3618626,309.8128470000001,80.57921749,-3.6054533419999997,0,0.0,0.0,1.0,0.0,0.0,0.0,0.0,4.0
563,35.33787438,77.93451089,5.518319702,4300.951668,106.11851599999999,162.0120187,96.21618235,19.71653359,1,0.0,0.0,1.0,0.0,0.0,0.0,0.0,4.0
575,24.33379846,44.90374977,4.042059937,2616.7905,107.4385473,292.9525818,83.53477845,-7.364307504,0,0.0,0.0,1.0,0.0,0.0,0.0,0.0,4.0
576,15.70276031,24.74496271,2.5996490480000003,3447.5624729999995,98.26525688,236.6304963,95.99362126,-32.48363505,1,0.0,0.0,1.0,0.0,0.0,0.0,0.0,4.0
577,64.16851262,83.84312014,5.166416626,4749.333153000001,109.7315686,51.01272136,71.68680482,4.287264368,0,0.0,0.0,1.0,0.0,0.0,0.0,0.0,4.0
582,25.39132801,18.06606478,2.423247681,4143.6631590000015,96.53422288,147.40673769999995,54.93731044,31.02900037,1,0.0,0.0,1.0,0.0,0.0,0.0,0.0,4.0
592,19.08317938,37.31215521,3.822271118,1669.086266,99.60258565,222.95550240000003,102.042211,-28.61801807,1,0.0,0.0,1.0,0.0,0.0,0.0,0.0,4.0
598,23.38152335,44.97497626,4.243817749,1816.290732,100.7367863,364.4669091,99.26340375,-27.24532935,1,0.0,0.0,1.0,0.0,0.0,0.0,0.0,4.0
599,39.195133899999995,55.58328026,3.89164856,5356.904763000001,88.37017403,96.16818677,63.87046843,42.06530319,1,0.0,0.0,1.0,0.0,0.0,0.0,0.0,4.0
604,29.77167831,56.58599534,4.821963501,3142.8307670000013,109.0400636,362.722949,95.52904894,14.74126227,1,0.0,0.0,1.0,0.0,0.0,0.0,0.0,4.0
605,9.526800608,9.56205244,1.571138306,748.5928144999997,109.31008390000001,174.2979414,91.29080515,5.993217751,1,0.0,0.0,1.0,0.0,0.0,0.0,0.0,4.0
608,18.257485199999998,31.01979755,3.333234253,2424.31232,107.6333362,309.8721098000001,102.1148381,18.76430751,0,0.0,0.0,1.0,0.0,0.0,0.0,0.0,4.0
610,45.17728254,74.93116103,4.3088433839999984,4069.0466619999997,109.2627154,117.6765898,66.36476714,6.069855265,0,0.0,0.0,1.0,0.0,0.0,0.0,0.0,4.0
617,19.35638935,30.12741291,3.1402178960000002,3656.1210200000014,102.3623764,246.65012430000002,84.18472577,28.11037588,0,0.0,0.0,1.0,0.0,0.0,0.0,0.0,4.0
628,21.96028242,42.22062614,4.03928772,1618.94556,103.3460175,359.90181739999997,104.8792983,-25.06661312,1,0.0,0.0,1.0,0.0,0.0,0.0,0.0,4.0
638,52.21291826,119.02893159999999,5.796934203999999,4534.701835,84.30123805,69.11732695,84.00928893,46.2326273,0,0.0,0.0,1.0,0.0,0.0,0.0,0.0,4.0
661,19.41269199,32.63959001,3.232334595,1806.689114,109.92382309999999,264.8786338,86.68468462,5.770460107999999,0,0.0,0.0,1.0,0.0,0.0,0.0,0.0,4.0
675,25.37689214,46.93738505,4.390502318999999,2616.380818,109.91396280000001,340.9129731,92.27996925,6.4497390160000005,1,0.0,0.0,1.0,0.0,0.0,0.0,0.0,4.0
681,59.24101331,96.93427458,4.824292603,6110.85092,83.66775679,64.24196045,73.68207708,-42.24329318,0,0.0,0.0,1.0,0.0,0.0,0.0,0.0,4.0
685,18.80445616,33.31282642,3.6010839839999997,2027.838773,101.5987936,342.3654548,102.1257536,28.14558164,1,0.0,0.0,1.0,0.0,0.0,0.0,0.0,4.0
688,13.13805116,15.8709019,1.784750366,2387.7518059999998,85.91461654,165.5049919,88.64910029,-41.76514278,1,0.0,0.0,1.0,0.0,0.0,0.0,0.0,4.0
693,25.25820273,48.80003979,4.359086304,4064.584872,103.69114470000001,329.2215452,94.83882121,-27.27033533,1,0.0,0.0,1.0,0.0,0.0,0.0,0.0,4.0
697,14.61093096,22.3486936,2.56272522,1186.212633,106.37398290000002,289.1101934,104.4066146,-19.44683639,1,0.0,0.0,1.0,0.0,0.0,0.0,0.0,4.0
698,38.15977047,75.61139695,4.8485699460000005,5643.343542000001,94.49721182,96.446278,81.93677718,38.77921908,0,0.0,0.0,1.0,0.0,0.0,0.0,0.0,4.0
721,30.90559422,64.49481757,5.2692657469999995,3114.089893,109.50356029999999,336.6187433,88.16979166,-4.227731856,0,0.0,0.0,1.0,0.0,0.0,0.0,0.0,4.0
722,32.82133345,27.96801999,2.989209595,3656.01249,109.9540055,154.3137607,53.78452918,2.935034354,1,0.0,0.0,1.0,0.0,0.0,0.0,0.0,4.0
723,12.92304618,17.32833405,2.00461731,1333.951143,104.1363099,206.4873007,92.54656962,21.45065856,1,0.0,0.0,1.0,0.0,0.0,0.0,0.0,4.0
735,10.52924729,13.069816000000001,1.87984436,2575.208916,102.7295527,195.5889971,89.8366358,24.21695811,1,0.0,0.0,1.0,0.0,0.0,0.0,0.0,4.0
754,13.7495837,16.16978112,2.149515991,1184.407025,106.92229259999999,190.11769650000002,78.71253832,15.24033731,1,0.0,0.0,1.0,0.0,0.0,0.0,0.0,4.0
756,25.20155185,45.30762758,4.1516888430000005,4151.370728,108.9707128,296.77605489999996,86.67689888,15.871495300000001,0,0.0,0.0,1.0,0.0,0.0,0.0,0.0,4.0
760,20.82635355,39.09279628,3.8237261960000004,2723.084519,93.83430032,151.8539396,95.37635491,-35.21692879999999,1,0.0,0.0,1.0,0.0,0.0,0.0,0.0,4.0
770,18.42053912,32.60190537,3.473978882,1989.16975,109.7165665,317.28858419999995,93.8918233,-1.98354674,0,0.0,0.0,1.0,0.0,0.0,0.0,0.0,4.0
786,36.61426252,79.08551228,5.458701782,5124.619393,94.08342911,95.19955861,95.31983839,42.82632505,1,0.0,0.0,1.0,0.0,0.0,0.0,0.0,4.0
790,49.94684963,114.0363057,5.414058227999999,3726.4543270000004,96.74947889,88.41575397,86.55541767,-31.22374343,0,0.0,0.0,1.0,0.0,0.0,0.0,0.0,4.0
794,60.78203907,162.896354,6.437127075,4638.26884,95.60842059,46.59065914,90.65494140000001,-31.15333367,0,0.0,0.0,1.0,0.0,0.0,0.0,0.0,4.0
795,8.905528759,2.599327139,1.044763794,963.9623595,108.62695009999999,121.72717420000001,92.39668418,9.145132391,1,0.0,0.0,1.0,0.0,0.0,0.0,0.0,4.0
816,27.68467114,54.66486617,5.009276733,2555.44997,109.89350139999999,400.05350380000004,101.1415196,-3.146546395,1,0.0,0.0,1.0,0.0,0.0,0.0,0.0,4.0
819,4.640256849,3.11943772,1.120429077,1356.011141,109.25346699999999,137.498535,98.24426505,7.319105596,0,0.0,0.0,1.0,0.0,0.0,0.0,0.0,4.0
823,19.48179325,34.56777535,3.6560430910000004,2163.061125,108.3309565,314.6869425,91.66632709999999,-10.86647753,0,0.0,0.0,1.0,0.0,0.0,0.0,0.0,4.0
830,26.93735398,53.58885363,4.672090454,3898.913074,107.7002695,344.2499297,97.1272618,17.87172571,1,0.0,0.0,1.0,0.0,0.0,0.0,0.0,4.0
831,8.953535947999999,11.23920914,1.6326849369999998,797.5730747,108.9337435,194.2274132,99.27945104,-6.577452618,1,0.0,0.0,1.0,0.0,0.0,0.0,0.0,4.0
836,30.20755034,61.01140557,4.954108276,3172.846871,95.87449018,121.46728770000001,96.00207394,-31.87020618,1,0.0,0.0,1.0,0.0,0.0,0.0,0.0,4.0
857,9.390520902999999,10.57752975,1.529387817,561.1816905000002,109.92225790000002,187.7400358,104.5694795,1.966594606,1,0.0,0.0,1.0,0.0,0.0,0.0,0.0,4.0
868,22.57739498,38.75936184,3.515373535,1377.439532,105.92957279999999,307.8644494,91.70239740000001,13.18431756,1,0.0,0.0,1.0,0.0,0.0,0.0,0.0,4.0
869,30.45964231,57.69275126,4.492734985,4434.911391,105.42982520000001,299.2833662,85.78701383,20.75677594,0,0.0,0.0,1.0,0.0,0.0,0.0,0.0,4.0
873,18.63252441,22.1598629,2.5771820069999998,1890.0897170000005,105.9753297,205.12822849999998,69.60733069,-15.468040700000001,1,0.0,0.0,1.0,0.0,0.0,0.0,0.0,4.0
876,31.71684998,49.43020657,3.807605591,2295.286471,96.33263283,253.32679680000004,75.91928155,-29.50309897,0,0.0,0.0,1.0,0.0,0.0,0.0,0.0,4.0
888,11.34607473,12.63589917,1.575980835,2001.016528,100.7100397,194.9571947,104.78530409999999,-26.45559617,1,0.0,0.0,1.0,0.0,0.0,0.0,0.0,4.0
889,12.22147858,18.42890378,2.501636963,2389.028437,109.010543,273.39831210000006,101.66342009999998,-11.76733587,1,0.0,0.0,1.0,0.0,0.0,0.0,0.0,4.0
899,14.49241143,21.59729196,2.3206848140000003,2248.909193,107.68436650000001,248.5307105,93.77160842,14.63168534,1,0.0,0.0,1.0,0.0,0.0,0.0,0.0,4.0
908,37.47049295,72.17507308,4.845661011,4111.0137380000015,104.80010920000001,296.5194943,84.12653539,-24.01376265,0,0.0,0.0,1.0,0.0,0.0,0.0,0.0,4.0
918,19.05649584,34.32453755,3.541143188,1871.1007100000002,100.1161295,313.86756529999997,95.97743832,-27.56837823,0,0.0,0.0,1.0,0.0,0.0,0.0,0.0,4.0
921,24.28178871,35.46968411,3.282593994,2391.630401000001,109.5977019,245.5324046,73.5380104,-6.798372798,1,0.0,0.0,1.0,0.0,0.0,0.0,0.0,4.0
924,35.80847184,60.97494057,3.9671197510000002,4982.907763,96.61510295,141.1949554,75.30699693,-32.23261091,0,0.0,0.0,1.0,0.0,0.0,0.0,0.0,4.0
930,18.49968046,27.80681474,2.811154175,1345.937371,102.55829250000001,264.5713129,93.61985983,-25.06837563,0,0.0,0.0,1.0,0.0,0.0,0.0,0.0,4.0
932,26.79127833,49.4600767,4.177526245,2717.514329,101.948143,341.1448077,94.2892952,24.95964729,1,0.0,0.0,1.0,0.0,0.0,0.0,0.0,4.0
936,22.03015583,39.17278011,3.577106323,3010.861708,88.38259917,150.33970469999997,100.373784,45.08568476,1,0.0,0.0,1.0,0.0,0.0,0.0,0.0,4.0
944,11.09762026,17.71468001,2.252510986,1411.6990150000001,109.9997513,252.46812319999998,100.1834762,3.018833835,1,0.0,0.0,1.0,0.0,0.0,0.0,0.0,4.0
945,10.90404446,11.73052909,1.567126465,1125.218649,100.5483287,191.4514075,101.1882839,-26.0734884,1,0.0,0.0,1.0,0.0,0.0,0.0,0.0,4.0
947,17.73708193,31.48680065,3.5760223389999997,3802.813893,105.58531809999998,327.7269558000001,103.5272412,24.84341946,1,0.0,0.0,1.0,0.0,0.0,0.0,0.0,4.0
954,21.41169772,29.02918416,2.836923828,1012.368458,109.48874579999999,225.34381000000002,76.92867666,5.178321631,1,0.0,0.0,1.0,0.0,0.0,0.0,0.0,4.0
969,29.93859481,62.45166308,5.352555542,3370.33476,109.4032951,345.66014289999987,94.28095976,-4.231376797,0,0.0,0.0,1.0,0.0,0.0,0.0,0.0,4.0
998,23.28115341,42.45296870000001,4.196845093,2734.200162,109.7149114,354.1023341,93.75692109999999,0.379353564,0,0.0,0.0,1.0,0.0,0.0,0.0,0.0,4.0
1021,54.63717407,125.68146670000002,5.594509887999999,4599.622181000002,95.75291884,71.86986512,83.37851686,-30.73210613,0,0.0,0.0,1.0,0.0,0.0,0.0,0.0,4.0
1027,5.845081542999999,1.6204462259999999,0.878280029,1964.947866,94.19652521,119.61624950000001,102.10963559999999,-31.50765468,1,0.0,0.0,1.0,0.0,0.0,0.0,0.0,4.0
1038,34.77179453,71.93439531,5.217998657,4491.9259299999985,95.58113175,101.72131440000001,92.98087782,-39.39232307,0,0.0,0.0,1.0,0.0,0.0,0.0,0.0,4.0
1044,37.54007375,77.01233958,4.891956177,3885.515125,109.80579070000002,161.7847851,84.03276239,1.8970396880000002,0,0.0,0.0,1.0,0.0,0.0,0.0,0.0,4.0
1046,33.09174649,67.66427471,5.068119507,4897.373067,95.68635942,111.5546803,95.0954167,40.40988455,1,0.0,0.0,1.0,0.0,0.0,0.0,0.0,4.0
1052,26.83264219,51.51586418,4.6665667719999995,2403.467719,98.58656876,148.7876274,94.77688528,-27.15614716,1,0.0,0.0,1.0,0.0,0.0,0.0,0.0,4.0
1061,18.17796975,29.16951408,2.766100464,2454.019047,83.62815159,145.27732419999995,87.46144770000002,-43.89544241,1,0.0,0.0,1.0,0.0,0.0,0.0,0.0,4.0
1062,58.21181795,123.2123072,5.731555786,4460.167934,69.07044618,44.96150146,75.31929494,55.18594369,0,0.0,0.0,1.0,0.0,0.0,0.0,0.0,4.0
1069,57.63198506,102.17465729999999,4.8093524169999995,5386.690174,90.61187082,67.46313087,74.97696466,34.29425313,0,0.0,0.0,1.0,0.0,0.0,0.0,0.0,4.0
1073,14.00295153,26.80654947,3.260501099,1540.813466,105.6955072,326.67111639999996,101.9448115,-19.196976100000004,1,0.0,0.0,1.0,0.0,0.0,0.0,0.0,4.0
1083,31.75423435,53.91698822,4.215509644,3438.2454119999998,107.7939618,265.9202995,77.79553088,-15.92094049,0,0.0,0.0,1.0,0.0,0.0,0.0,0.0,4.0
1096,47.00164985,109.8074652,5.854282837,4068.589665,109.23243570000001,188.37500500000002,92.50009825,12.99127106,0,0.0,0.0,1.0,0.0,0.0,0.0,0.0,4.0
1098,20.51238366,40.43389542,4.3512322999999995,1957.6728679999999,109.08898159999998,378.3936911,104.4223583,-5.4112167620000005,0,0.0,0.0,1.0,0.0,0.0,0.0,0.0,4.0
1122,50.4582101,104.5200345,4.884896851000001,4246.374967,103.7355608,124.3763862,87.26932975,-22.2842418,0,0.0,0.0,1.0,0.0,0.0,0.0,0.0,4.0
1126,61.99929469,56.22211172,4.55557312,4403.994095,79.84632325,60.00037261,65.27873465,-44.00885784,0,0.0,0.0,1.0,0.0,0.0,0.0,0.0,4.0
1128,9.119190356,9.652389738,1.605874634,1171.244054,109.7389379,182.92714740000002,94.61463814,5.8769039670000005,1,0.0,0.0,1.0,0.0,0.0,0.0,0.0,4.0
1130,40.19903266,80.11601294,5.024400024,4274.356411,109.40167450000001,160.7907157,83.16506494,13.65615379,1,0.0,0.0,1.0,0.0,0.0,0.0,0.0,4.0
1133,58.08467745,137.10996469999998,5.856558228,4667.212616,98.05166012,58.97114581,86.13548966,27.6541131,0,0.0,0.0,1.0,0.0,0.0,0.0,0.0,4.0
1165,15.97121059,27.10759014,2.9486212160000003,1060.624918,109.57765390000002,291.0900243000001,97.44992997,-2.21852436,0,0.0,0.0,1.0,0.0,0.0,0.0,0.0,4.0
1167,29.80557506,60.82177318,5.1813665769999995,4020.1365450000003,109.87142639999999,377.6984667,98.17113463,0.025808715,0,0.0,0.0,1.0,0.0,0.0,0.0,0.0,4.0
1173,7.096365041,2.3654799140000002,0.944530029,2074.253423,95.75668581,123.0904504,99.60605278,-29.92393804,1,0.0,0.0,1.0,0.0,0.0,0.0,0.0,4.0
1185,25.17759794,47.19424859,4.419273071,3753.200761,103.8179387,335.885927,96.4851138,27.4799397,1,0.0,0.0,1.0,0.0,0.0,0.0,0.0,4.0
1186,19.10879891,34.11547529,3.614318237,1615.733535,109.9956284,324.8549264,96.48513467,2.820855337,0,0.0,0.0,1.0,0.0,0.0,0.0,0.0,4.0
1191,13.70316976,18.77366297,2.073578491,1167.286909,105.17622309999999,234.3327114,100.07806509999999,-17.32019354,1,0.0,0.0,1.0,0.0,0.0,0.0,0.0,4.0
1202,8.793141622,0.816477295,1.128268433,487.4474778,108.1480113,110.53811680000001,75.61501557,-10.47931451,0,0.0,0.0,1.0,0.0,0.0,0.0,0.0,4.0
1206,39.41349811,81.70092650000002,5.157664185,5034.2513229999995,106.0338335,140.0327033,83.83248855,21.19052595,0,0.0,0.0,1.0,0.0,0.0,0.0,0.0,4.0
1213,25.06779133,49.67840579999999,4.470553589,2683.104256,103.82089,231.7631071,101.5546324,-20.02740549,1,0.0,0.0,1.0,0.0,0.0,0.0,0.0,4.0
1226,33.9859734,71.92607637,5.551939087,2663.727429,109.7012749,235.8976645,92.9336832,1.920120636,0,0.0,0.0,1.0,0.0,0.0,0.0,0.0,4.0
1234,34.82677846,77.35065365,5.326022339,3049.433274,109.606672,183.781551,98.53708195,-7.99849501,0,0.0,0.0,1.0,0.0,0.0,0.0,0.0,4.0
1238,42.36085015,93.58212985,5.587051392,4628.59983,100.44597540000001,92.31287581,84.51965191,29.01843526,0,0.0,0.0,1.0,0.0,0.0,0.0,0.0,4.0
1259,20.44069203,38.14346103,4.0974554439999995,3545.482364,107.7572337,326.6649153,97.40343187,19.22933392,0,0.0,0.0,1.0,0.0,0.0,0.0,0.0,4.0
1260,19.30967393,32.97477623,3.404474487,4053.486469,90.77857177,150.2660983,93.95578619,42.29271125,1,0.0,0.0,1.0,0.0,0.0,0.0,0.0,4.0
1267,25.0636188,50.18521921,4.7265045169999995,1938.917947,106.5520759,377.211576,102.2120551,-15.21993522,1,0.0,0.0,1.0,0.0,0.0,0.0,0.0,4.0
1276,27.11483762,54.31115961,4.880127563,2321.312383,108.81335349999999,371.058609,97.48923859,-3.421831659,0,0.0,0.0,1.0,0.0,0.0,0.0,0.0,4.0
1277,19.91750917,37.50964109,4.0849200439999995,1603.468629,102.43776640000002,356.4968852,100.2969825,-23.44390592,1,0.0,0.0,1.0,0.0,0.0,0.0,0.0,4.0
1280,40.98470171,81.66701995,5.052125854,4117.418949,96.91570216,98.74689178,79.94746911,-35.45778137,0,0.0,0.0,1.0,0.0,0.0,0.0,0.0,4.0
1284,32.06825929,68.70703215,5.382337036,3010.312645,109.8603048,329.34096289999997,92.76901736,-3.516727878,0,0.0,0.0,1.0,0.0,0.0,0.0,0.0,4.0
1285,28.84986009,40.82115714,3.2364691160000003,4502.480594,87.36260528,164.1801124,70.58407371,42.11741831,0,0.0,0.0,1.0,0.0,0.0,0.0,0.0,4.0
1308,35.97450151,64.71558411,4.468071899,3857.7832780000003,109.65045570000001,239.9634134,73.01600216,-1.138537417,1,0.0,0.0,1.0,0.0,0.0,0.0,0.0,4.0
1309,50.85893647,132.3953434,6.3576531979999995,4019.3096950000004,108.6414503,83.68814985,100.2454997,-14.53551722,1,0.0,0.0,1.0,0.0,0.0,0.0,0.0,4.0
1312,16.15639706,29.48392116,3.3833441160000004,1390.000958,109.8340815,309.3785499,99.38973463,-5.457333645,1,0.0,0.0,1.0,0.0,0.0,0.0,0.0,4.0
1316,11.69950192,7.448824223,1.4527581790000001,1048.839601,109.146573,140.6554335,81.84967003,-8.122934837999999,0,0.0,0.0,1.0,0.0,0.0,0.0,0.0,4.0
1319,15.88753092,27.23316312,2.9633917239999996,2204.097884,107.2550611,264.88651969999995,90.29211076,16.98618961,1,0.0,0.0,1.0,0.0,0.0,0.0,0.0,4.0
1325,26.99490498,51.45569008,4.312559203999999,2870.2224,88.87452197,122.0688923,95.1061273,-44.94807182,1,0.0,0.0,1.0,0.0,0.0,0.0,0.0,4.0
1327,63.67129319,131.1100402,5.910739136,4757.248725,109.4540237,43.422406099999996,81.3730752,-5.711278943,0,0.0,0.0,1.0,0.0,0.0,0.0,0.0,4.0
1328,47.15793519,117.32774779999998,6.135151978,3974.4775329999998,103.3266212,98.61968893,91.36732684,-23.88716704,0,0.0,0.0,1.0,0.0,0.0,0.0,0.0,4.0
1338,27.27236528,52.83461749,4.816237183,2266.233634,103.8025686,350.36161539999995,95.13038319,-20.35560622,1,0.0,0.0,1.0,0.0,0.0,0.0,0.0,4.0
1359,26.75796309,49.1378026,4.33244812,2870.54658,109.55179309999998,318.3806482,85.20153916,1.8446117659999999,0,0.0,0.0,1.0,0.0,0.0,0.0,0.0,4.0
1386,8.61081791,6.5099106970000005,1.348244019,2060.688696,79.64365763,133.4858626,86.24466251,44.94117007,1,0.0,0.0,1.0,0.0,0.0,0.0,0.0,4.0
1392,8.570853369,6.738016619,1.533289185,3605.132369,93.39383719,151.1744535,82.56659683,33.85556482,1,0.0,0.0,1.0,0.0,0.0,0.0,0.0,4.0
1398,16.47517863,20.26877478,2.328081665,1752.3876480000001,87.19841502,147.1423621,75.31221387,40.83879724,1,0.0,0.0,1.0,0.0,0.0,0.0,0.0,4.0
1402,19.167737600000002,39.32190493,4.229594116,1916.7787829999997,109.17949270000001,332.4715537,104.69061140000001,-4.189173007,0,0.0,0.0,1.0,0.0,0.0,0.0,0.0,4.0
1405,36.35916468,78.81250718,5.1387652589999995,4133.316474,109.9997784,173.7880643,88.49179819,2.1809959780000003,0,0.0,0.0,1.0,0.0,0.0,0.0,0.0,4.0
1416,19.79100495,38.68714324,4.561627808,1857.3824510000002,109.1469074,393.1651042,103.5901267,4.19127818,1,0.0,0.0,1.0,0.0,0.0,0.0,0.0,4.0
1428,23.76024463,41.95058881,3.696987915,1138.721844,99.97007943,315.1900584,96.83342747,27.003359399999997,1,0.0,0.0,1.0,0.0,0.0,0.0,0.0,4.0
1434,4.79270579,1.645073739,1.050339966,2453.979209,105.57047490000001,122.20802169999999,89.34208511,16.79887727,1,0.0,0.0,1.0,0.0,0.0,0.0,0.0,4.0
1441,42.40181425,86.14425501,5.206709595,3532.911053000001,106.4096212,304.0671084,86.42577881,12.9054726,0,0.0,0.0,1.0,0.0,0.0,0.0,0.0,4.0
1447,34.46354238,53.54525297,3.900282593,3293.687512,103.4229885,250.3207622,70.97718464,-22.39285741,0,0.0,0.0,1.0,0.0,0.0,0.0,0.0,4.0
1448,14.26680355,22.42793277,2.584671631,1037.3823869999999,109.4077626,254.0575435,93.41923222,4.7418182710000005,1,0.0,0.0,1.0,0.0,0.0,0.0,0.0,4.0
1455,37.56504624,75.86708219,5.257129517,4114.136119,106.7792493,346.95779710000005,92.47384068,18.358480899999996,0,0.0,0.0,1.0,0.0,0.0,0.0,0.0,4.0
1457,64.29471003,99.26304611,5.772133179,5013.883432,102.2779351,61.36999048,82.06409183,21.69696531,0,0.0,0.0,1.0,0.0,0.0,0.0,0.0,4.0
1489,21.03199237,36.63182503,3.6484832760000003,3615.8957490000003,109.1400922,312.01401160000006,95.98033191,-14.45755574,1,0.0,0.0,1.0,0.0,0.0,0.0,0.0,4.0
1490,24.75239339,41.08376329,3.706947632,2768.3267760000012,104.4870141,301.0951293,89.79113538,25.18847019,0,0.0,0.0,1.0,0.0,0.0,0.0,0.0,4.0
1501,29.61839584,62.22807059,5.484667357999999,3690.6015020000004,109.7988476,383.1945399,101.6551523,8.050684373,1,0.0,0.0,1.0,0.0,0.0,0.0,0.0,4.0
1502,12.93427377,16.06420201,1.706923218,3053.677384,88.96905435,191.2606853,102.6388316,-40.24661843,1,0.0,0.0,1.0,0.0,0.0,0.0,0.0,4.0
1527,35.61662198,41.93828213,3.480797729,3566.7649030000002,109.754966,170.7129669,58.056780599999996,6.9645478,0,0.0,0.0,1.0,0.0,0.0,0.0,0.0,4.0
1532,34.20129879,71.22399875,5.114740601,2483.84962,101.7654894,123.13580800000001,96.59037916,23.21108409,1,0.0,0.0,1.0,0.0,0.0,0.0,0.0,4.0
1537,12.31851803,15.93341635,2.156282349,3374.135482,104.8666971,219.5192026,92.06655436,21.04905583,1,0.0,0.0,1.0,0.0,0.0,0.0,0.0,4.0
1546,27.56452101,53.64987081,4.5959515380000004,4089.2029979999998,108.83903159999998,336.8863913,93.75762883,12.078740400000001,0,0.0,0.0,1.0,0.0,0.0,0.0,0.0,4.0
1583,55.04418324,138.7686559,6.083101196,3130.5261149999997,91.77190241,61.920136899999996,84.2724267,36.17714347,0,0.0,0.0,1.0,0.0,0.0,0.0,0.0,4.0
1585,27.12478509,45.68941942,3.917489624,3953.370042,108.4024365,242.7319292,75.4367167,18.64101385,1,0.0,0.0,1.0,0.0,0.0,0.0,0.0,4.0
1592,20.83637643,39.79061389,4.355241699,3070.553585,109.2889458,309.881878,93.37769693,13.52053754,0,0.0,0.0,1.0,0.0,0.0,0.0,0.0,4.0
1597,22.99787488,2.028620057,1.937578735,1169.976938,109.44366059999999,112.9761828,50.4361517,-5.668762435,0,0.0,0.0,1.0,0.0,0.0,0.0,0.0,4.0
1610,21.57960259,42.25801031,4.2293304439999995,1864.500927,108.9067854,331.12084169999997,97.57182318,-0.844331327,0,0.0,0.0,1.0,0.0,0.0,0.0,0.0,4.0
1618,67.09607064,26.677288899999997,5.705194702000001,4399.7848509999985,107.24253700000001,47.26868232,75.2956648,12.4921302,0,0.0,0.0,1.0,0.0,0.0,0.0,0.0,4.0
1632,24.0730626,47.83186794,4.685944214,2021.7303420000005,101.51222840000001,340.4575506,106.59578529999999,-33.0196448,1,0.0,0.0,1.0,0.0,0.0,0.0,0.0,4.0
1636,15.657695499999999,24.86675714,2.9070977780000002,3329.983948,105.69252560000001,233.52596060000002,88.04054502,21.09820609,0,0.0,0.0,1.0,0.0,0.0,0.0,0.0,4.0
1643,22.80531775,30.88941186,3.041744995,3757.380686,94.37025167,224.54055730000005,75.94731228,-38.03969434,1,0.0,0.0,1.0,0.0,0.0,0.0,0.0,4.0
1645,55.54147129,30.24891877,4.065114136,3979.099671,57.65372714,55.33655971,54.90968661,-59.10019852,0,0.0,0.0,1.0,0.0,0.0,0.0,0.0,4.0
1650,19.25416737,36.78102327,4.024790039,1470.115419,107.5711841,316.82820510000005,96.06237061,12.68008521,1,0.0,0.0,1.0,0.0,0.0,0.0,0.0,4.0
1654,20.52041271,39.66514013,4.305276489,2670.990788,109.92162079999999,307.1144305,92.27733952,-6.049523347999999,0,0.0,0.0,1.0,0.0,0.0,0.0,0.0,4.0
1671,4.313181332,2.328141841,1.0305352779999999,2013.1083260000007,102.41767220000001,124.5194899,99.12582475,-22.06592601,1,0.0,0.0,1.0,0.0,0.0,0.0,0.0,4.0
1677,14.25339283,21.00079826,2.1243377690000003,1659.821109,96.70562041,229.989092,101.598259,32.56042583,1,0.0,0.0,1.0,0.0,0.0,0.0,0.0,4.0
1692,37.52842431,86.00868763,6.123987427,3702.3807659999998,106.54356100000001,105.1761571,100.68723299999999,10.70238673,1,0.0,0.0,1.0,0.0,0.0,0.0,0.0,4.0
1696,53.58109781,115.2259838,5.205916138,4870.9645869999995,109.2224998,116.4516428,79.70589979,6.609495475,1,0.0,0.0,1.0,0.0,0.0,0.0,0.0,4.0
1699,25.83600587,48.64993424,4.266143188,1910.581743,103.74075909999999,356.8593755,98.81055165,-22.98183254,1,0.0,0.0,1.0,0.0,0.0,0.0,0.0,4.0
1706,30.26276871,60.37712499,4.986907349,2969.8832859999998,103.4335206,145.25756930000003,88.50519564,-18.80116181,1,0.0,0.0,1.0,0.0,0.0,0.0,0.0,4.0
1712,8.472966259,9.585966895,1.492714233,2000.4661600000002,108.2572078,182.4530471,101.6037065,-12.038758,1,0.0,0.0,1.0,0.0,0.0,0.0,0.0,4.0
1726,34.56072578,66.11892401,4.610604858,4022.936061,95.76259055,105.2597844,83.18517987,34.43535966,0,0.0,0.0,1.0,0.0,0.0,0.0,0.0,4.0
1749,31.29410147,66.33217488,5.1759515380000005,3979.8251590000004,109.9554244,203.9292811,98.12288256,7.003676434,0,0.0,0.0,1.0,0.0,0.0,0.0,0.0,4.0
1763,7.096097847999999,5.229607339,1.123174438,1900.716784,93.56282067,144.12382730000004,102.9039741,-32.99510545,1,0.0,0.0,1.0,0.0,0.0,0.0,0.0,4.0
1765,26.74336125,51.56092251,4.683602905,1965.11365,104.1695502,223.93752,100.346711,21.38649609,0,0.0,0.0,1.0,0.0,0.0,0.0,0.0,4.0
1768,16.88943749,22.16762735,1.963173218,2571.783798,84.52552432,154.24654730000003,102.51597629999999,-43.88633846,1,0.0,0.0,1.0,0.0,0.0,0.0,0.0,4.0
1771,29.54636776,46.57910269,3.754944458,3396.951044,106.0101192,229.24028739999997,72.32830489,21.98543948,0,0.0,0.0,1.0,0.0,0.0,0.0,0.0,4.0
1776,19.03216998,36.70741516,3.824559937,1242.409218,109.4100825,341.5682285000001,100.6966413,-6.156567815,0,0.0,0.0,1.0,0.0,0.0,0.0,0.0,4.0
1792,4.6580980830000005,1.497128754,0.96147583,816.4930695,109.29782639999999,121.1802822,96.31897054,-6.326391569,1,0.0,0.0,1.0,0.0,0.0,0.0,0.0,4.0
1797,13.06860173,21.54176434,2.8727331539999996,1124.6288,108.2868846,289.2717256,99.66813091,-9.758842793,1,0.0,0.0,1.0,0.0,0.0,0.0,0.0,4.0
1802,14.67172897,26.40074492,3.2131146239999997,1712.6952420000002,102.96412990000002,337.43201569999997,103.05909659999999,-21.97965978,1,0.0,0.0,1.0,0.0,0.0,0.0,0.0,4.0
1816,4.826854622,4.908262535,1.3514483640000001,573.9787554999998,108.3677352,170.1801882,105.19456840000001,-9.732746432999999,1,0.0,0.0,1.0,0.0,0.0,0.0,0.0,4.0
1818,8.513411227999999,1.256175971,1.100958862,2205.234441,99.47796126,115.4750844,80.78418785,-25.51955886,1,0.0,0.0,1.0,0.0,0.0,0.0,0.0,4.0
1822,14.98095901,23.25248702,2.383666382,1316.737175,99.42657,267.2595259,106.9265332,-29.45446481,0,0.0,0.0,1.0,0.0,0.0,0.0,0.0,4.0
1823,49.10694699,117.6573794,5.9118927,4436.207724,106.63759099999999,107.78618030000001,92.66107486,12.86838475,0,0.0,0.0,1.0,0.0,0.0,0.0,0.0,4.0
1826,37.33092742,73.59427226,4.857072144,4631.758249,108.03857620000001,281.7836814,78.2264561,-10.28916718,1,0.0,0.0,1.0,0.0,0.0,0.0,0.0,4.0
1850,19.35220954,32.92626926,3.152444458,4095.829766,92.33180066,165.7508156,91.43383637,-39.50494122,0,0.0,0.0,1.0,0.0,0.0,0.0,0.0,4.0
1854,9.90492623,10.73341344,1.701427002,2723.7369989999997,103.1016861,179.8187749,89.55031183,-22.37343575,1,0.0,0.0,1.0,0.0,0.0,0.0,0.0,4.0
1860,18.92822434,37.87065465,4.3713763430000006,3061.1586859999998,105.88251170000001,367.8799583,99.54134833,-13.9273364,1,0.0,0.0,1.0,0.0,0.0,0.0,0.0,4.0
1866,12.15755641,20.23209065,2.8116253660000003,2032.6860760000002,109.1400672,273.39560889999996,100.4872468,-3.8337419130000003,0,0.0,0.0,1.0,0.0,0.0,0.0,0.0,4.0
1893,16.23483063,28.40012663,3.2085870360000004,3377.2950909999995,101.9772717,295.6089492,99.85000945,29.45113415,0,0.0,0.0,1.0,0.0,0.0,0.0,0.0,4.0
1900,34.39032012,76.11493825,5.979963989,3246.778013,107.4027619,149.34822340000005,99.80220154,-11.76785745,1,0.0,0.0,1.0,0.0,0.0,0.0,0.0,4.0
1907,44.20027444,102.3322507,5.578331909,5232.853222,99.53946979,110.7970645,88.73796766,33.63360522,0,0.0,0.0,1.0,0.0,0.0,0.0,0.0,4.0
1909,19.83283107,36.53466955,3.6367901610000004,1119.978336,107.11808899999998,297.00246719999996,97.42380833,16.93702846,1,0.0,0.0,1.0,0.0,0.0,0.0,0.0,4.0
1934,16.10440947,25.12913076,2.872271118,3337.2512920000013,103.4179914,253.58709900000002,93.11761156,-26.0108096,0,0.0,0.0,1.0,0.0,0.0,0.0,0.0,4.0
1943,20.25124571,37.96762084,4.222785034,2870.508121000001,109.8200999,360.0640299,98.69894945,-9.217654561,0,0.0,0.0,1.0,0.0,0.0,0.0,0.0,4.0
1977,49.62236657,101.5479302,4.878120728,4399.126095000001,97.58346656,120.8839277,75.78355892,-30.16599485,0,0.0,0.0,1.0,0.0,0.0,0.0,0.0,4.0
1993,52.04075414,113.9880189,5.370443726,4303.889876,102.45173009999999,133.8315333,86.15299822,-26.32177954,0,0.0,0.0,1.0,0.0,0.0,0.0,0.0,4.0
1996,9.405906121000001,9.825629792,1.706038208,939.0929223999999,109.4284818,188.63453130000002,90.80098167,-5.282232367,1,0.0,0.0,1.0,0.0,0.0,0.0,0.0,4.0
2002,6.135593725,4.854795201,1.1231005859999998,1623.23611,95.45167923,147.327122,102.216505,-30.86917606,1,0.0,0.0,1.0,0.0,0.0,0.0,0.0,4.0
2008,23.28533364,40.25701181,3.737992554,2972.293323,97.53418131,191.34561269999998,87.95045839,-33.43723687,0,0.0,0.0,1.0,0.0,0.0,0.0,0.0,4.0
2017,58.13062677,132.98812709999999,5.827887573,4657.058403,107.61655049999999,61.62313586,83.23140608,11.789793,0,0.0,0.0,1.0,0.0,0.0,0.0,0.0,4.0
2020,22.44605937,42.62740429,4.387531128,1836.4823559999998,109.36478159999999,381.1020606,99.7557978,-5.394372245,1,0.0,0.0,1.0,0.0,0.0,0.0,0.0,4.0
2022,13.86775275,20.06341548,2.3359967040000003,1511.855304,108.49263959999999,230.4128125,88.86767794,11.64161662,1,0.0,0.0,1.0,0.0,0.0,0.0,0.0,4.0
2031,29.42961581,56.48212525,4.5887615969999995,2716.746498,98.65318925,145.64752099999995,93.83205979,-32.20669335,1,0.0,0.0,1.0,0.0,0.0,0.0,0.0,4.0
2034,7.085002983,1.169690227,1.009681396,1433.453327,106.8926064,116.1847736,88.71507654,13.80427062,0,0.0,0.0,1.0,0.0,0.0,0.0,0.0,4.0
2041,14.921668400000001,21.76059289,2.683508911,2325.2679129999997,109.01996940000001,242.71781690000003,88.41952765,10.97696588,1,0.0,0.0,1.0,0.0,0.0,0.0,0.0,4.0
2044,9.642357345,11.25317118,1.753053589,2244.326261,103.3147578,191.7028176,94.66049155,22.43462054,1,0.0,0.0,1.0,0.0,0.0,0.0,0.0,4.0
2049,29.94379018,60.05865201,5.121174927,4497.927688000002,109.5610068,327.5289327,91.67010056,13.05169912,0,0.0,0.0,1.0,0.0,0.0,0.0,0.0,4.0
2053,18.52132478,28.86993829,3.286517944,3427.922288,109.7787125,262.2117707,85.75938053,-9.063049537000001,0,0.0,0.0,1.0,0.0,0.0,0.0,0.0,4.0
2063,19.04213575,30.61820583,3.064684448,1335.690153,104.1177602,292.6745514,94.71135636,-20.44621886,0,0.0,0.0,1.0,0.0,0.0,0.0,0.0,4.0
2065,32.49924324,60.54144328,4.585661011,2811.5134199999998,105.0628269,300.6724952,79.85429398,-17.04025333,0,0.0,0.0,1.0,0.0,0.0,0.0,0.0,4.0
2072,29.18155751,56.383602,4.361748657,3701.35488,102.34915,164.8073696,100.4789203,-29.10875935,1,0.0,0.0,1.0,0.0,0.0,0.0,0.0,4.0
2075,29.69443278,55.11537681,4.639619751000001,2876.6823489999997,109.9635635,336.23717410000006,88.77826159,0.058362,0,0.0,0.0,1.0,0.0,0.0,0.0,0.0,4.0
2088,18.53030569,21.83562224,2.361245728,2607.5813510000007,93.32870109,184.9043579,70.60446841,-34.65040523,1,0.0,0.0,1.0,0.0,0.0,0.0,0.0,4.0
2089,11.72067942,8.215384933,1.595504761,2061.7017530000007,108.87139599999999,136.8033648,74.77884452,9.387690355,0,0.0,0.0,1.0,0.0,0.0,0.0,0.0,4.0
2096,6.602636424,3.155968404,1.067410889,843.013941,102.5969924,128.4720544,94.71546402,-21.75547905,1,0.0,0.0,1.0,0.0,0.0,0.0,0.0,4.0
2105,34.0747165,69.19615879999999,5.06015686,4168.804302000001,107.65195690000002,322.4697898,87.4776547,-10.77744228,0,0.0,0.0,1.0,0.0,0.0,0.0,0.0,4.0
2107,11.67729027,13.68617762,1.8163604740000001,2010.776894,90.67558413,174.0057055,92.18721025,-37.112405100000004,1,0.0,0.0,1.0,0.0,0.0,0.0,0.0,4.0
2108,16.86566004,29.41093439,3.545265503,1653.058591,106.372574,370.8215059,106.51519420000001,-18.79358013,1,0.0,0.0,1.0,0.0,0.0,0.0,0.0,4.0
2111,22.47598157,39.91969511,3.8359149169999998,2145.793119,109.97634620000001,300.2575488,89.04898534,-1.689126762,0,0.0,0.0,1.0,0.0,0.0,0.0,0.0,4.0
2114,21.96148008,44.18989979,4.653700562,2112.781151,103.09777009999999,200.317724,101.8331209,-25.514687699999996,1,0.0,0.0,1.0,0.0,0.0,0.0,0.0,4.0
2122,14.19131271,19.54824238,2.140236206,2261.964025,92.4683776,149.3169894,99.78753372,-38.24095946,1,0.0,0.0,1.0,0.0,0.0,0.0,0.0,4.0
2133,33.80202633,66.01374767,4.883566284,3543.2435630000004,107.28958770000001,304.0742342,83.55836833,10.88872164,0,0.0,0.0,1.0,0.0,0.0,0.0,0.0,4.0
2138,38.75891887,83.28577184,5.56704895,3981.545825,84.01782089,77.24961635,87.47233887,46.97495531,0,0.0,0.0,1.0,0.0,0.0,0.0,0.0,4.0
2141,16.20946565,26.3518174,2.854627075,1121.9118859999999,100.8094159,299.15721139999994,105.98478770000001,-27.62031652,0,0.0,0.0,1.0,0.0,0.0,0.0,0.0,4.0
2145,15.53384243,27.71664803,3.427261353,1877.2683170000007,108.9615134,343.5640277,102.9195727,-4.650934485,0,0.0,0.0,1.0,0.0,0.0,0.0,0.0,4.0
2146,43.64614574,102.46817829999999,6.036212769,5480.521133,104.8552505,86.62928033,92.94253627,18.99042509,0,0.0,0.0,1.0,0.0,0.0,0.0,0.0,4.0
2169,20.40977537,34.5512615,3.461546631,1226.324713,107.1917699,329.9501974,94.05074880000001,13.34367955,1,0.0,0.0,1.0,0.0,0.0,0.0,0.0,4.0
2170,35.79706931,72.25253368,5.134667358,3510.967164,109.74264869999999,207.503695,91.22344339,0.683346804,0,0.0,0.0,1.0,0.0,0.0,0.0,0.0,4.0
2178,13.27713096,16.54945102,1.92178833,1914.187598,99.84285348,219.07480869999998,102.5334668,28.11549311,1,0.0,0.0,1.0,0.0,0.0,0.0,0.0,4.0
2191,17.43659571,25.03101642,2.56850647,3975.0953659999996,92.64115726,246.8782577,91.88739246,-39.12142465,1,0.0,0.0,1.0,0.0,0.0,0.0,0.0,4.0
2199,30.23804015,54.77813335,4.635252075,2017.964929,107.0308805,352.3325117,94.78823676,12.85612571,0,0.0,0.0,1.0,0.0,0.0,0.0,0.0,4.0
2201,42.194707799999996,84.67090739,5.204177856,4601.223362,85.4416256,95.19618721,83.12419742,45.40930293,0,0.0,0.0,1.0,0.0,0.0,0.0,0.0,4.0
2207,21.0450112,37.49704644,3.8361737060000003,1974.39396,109.9256348,344.2086871,101.84484640000001,5.826787909,0,0.0,0.0,1.0,0.0,0.0,0.0,0.0,4.0
2215,42.40949898,91.79390856,5.6687261960000015,3246.500443,103.6878259,95.54911258,91.75704155,-21.24818629,0,0.0,0.0,1.0,0.0,0.0,0.0,0.0,4.0
2217,51.85288831,87.1423821,4.81888855,4223.275922,99.49812141,70.55831294,68.57141443,-26.71975496,0,0.0,0.0,1.0,0.0,0.0,0.0,0.0,4.0
2230,17.94292663,32.44611457,3.42946106,908.5260671,109.93321540000001,312.7419155,99.23608547,1.939842048,0,0.0,0.0,1.0,0.0,0.0,0.0,0.0,4.0
2234,21.02285711,33.60455653,3.296505737,1943.3932929999999,109.6756392,251.0644933,79.29115042,-2.569729507,0,0.0,0.0,1.0,0.0,0.0,0.0,0.0,4.0
2237,9.446247552,6.3871095229999995,1.301794434,1995.9562329999999,98.84701017,149.8711142,92.85869888,-27.46318973,1,0.0,0.0,1.0,0.0,0.0,0.0,0.0,4.0
2260,11.28256601,10.33885754,1.638596802,937.9453552000001,108.8432262,169.5847759,86.78213015,-9.301857036,1,0.0,0.0,1.0,0.0,0.0,0.0,0.0,4.0
2268,10.07922726,10.8707606,1.524298706,518.9152981000002,108.2766402,140.8099835,97.21466235,-11.02826644,0,0.0,0.0,1.0,0.0,0.0,0.0,0.0,4.0
2270,29.03825264,59.45118832,5.399917603,2734.0089359999997,97.57868703,110.47674340000002,102.3272691,32.81454771,1,0.0,0.0,1.0,0.0,0.0,0.0,0.0,4.0
2275,29.380928499999996,55.15287594,4.440636597,2376.051626,91.5794257,114.16241409999998,90.29439158,-43.13078083,0,0.0,0.0,1.0,0.0,0.0,0.0,0.0,4.0
2280,22.24030163,40.48753635,3.764807129,1722.1241260000006,106.10738219999999,341.9251142,98.37745288,-14.08646594,1,0.0,0.0,1.0,0.0,0.0,0.0,0.0,4.0
2281,10.57532003,11.62818127,1.738665771,2441.232539,106.0347554,196.10778249999998,95.43040591,18.11269894,1,0.0,0.0,1.0,0.0,0.0,0.0,0.0,4.0
2282,5.70405074,0.9118895090000001,0.8917071529999999,1378.859411,108.51493740000001,114.40264760000001,98.57329334,-9.48465894,0,0.0,0.0,1.0,0.0,0.0,0.0,0.0,4.0
2290,36.74641822,74.85191317,5.038261108,3470.230411,102.9666108,99.40939137,92.03535249,28.40491459,0,0.0,0.0,1.0,0.0,0.0,0.0,0.0,4.0
2295,47.86967004,86.79934951,4.722341919,5126.460006,105.9758092,52.49819655,79.07038794,17.65176953,0,0.0,0.0,1.0,0.0,0.0,0.0,0.0,4.0
2296,61.66078114,161.2330986,6.47706604,5354.759368,109.97899,28.42741787,88.90007574,1.381834955,0,0.0,0.0,1.0,0.0,0.0,0.0,0.0,4.0
2304,44.63962367,83.5409999,4.587964478,5236.988446,107.2855123,60.62161516,88.46146157,13.57876525,0,0.0,0.0,1.0,0.0,0.0,0.0,0.0,4.0
2311,27.9881081,54.73297579999999,4.45171936,2498.493877,95.07072499,117.40103859999999,104.29506500000001,-36.97068073,1,0.0,0.0,1.0,0.0,0.0,0.0,0.0,4.0
2318,9.427181332,4.189710744,1.298186035,794.6474508,95.44236401,132.0622602,79.96143553,-30.14721405,1,0.0,0.0,1.0,0.0,0.0,0.0,0.0,4.0
2319,34.34278026,73.95369609,5.971924437999999,3791.4253329999997,100.9012403,102.4128957,101.5715436,-25.57982949,0,0.0,0.0,1.0,0.0,0.0,0.0,0.0,4.0
2323,23.4325657,35.5677549,3.2250445560000003,4662.030879,101.02260090000001,232.557141,81.32977032,-28.95623074,0,0.0,0.0,1.0,0.0,0.0,0.0,0.0,4.0
2328,40.40759449,67.1958808,4.298097534,4282.92361,106.55444950000002,205.1668218,67.43568728,-14.512623000000001,0,0.0,0.0,1.0,0.0,0.0,0.0,0.0,4.0
2329,37.99182783,79.17044271,5.328202515,4404.668207,104.6751619,87.56250384,96.62165168,26.46144241,0,0.0,0.0,1.0,0.0,0.0,0.0,0.0,4.0
2338,14.44005047,19.31090117,2.482538452,4270.055684,95.49623051,210.1680864,92.17271188,-35.65530786,1,0.0,0.0,1.0,0.0,0.0,0.0,0.0,4.0
2340,22.9173657,40.25728458,3.834877319,3064.294096,105.0827496,329.08787939999996,98.76640834,-22.76309169,0,0.0,0.0,1.0,0.0,0.0,0.0,0.0,4.0
2342,6.4861146960000005,5.430073931,1.185477295,966.6142892999999,102.7730773,147.26510019999995,99.45345719,-21.63850669,1,0.0,0.0,1.0,0.0,0.0,0.0,0.0,4.0
2343,40.99936215,75.59217626,4.788119507,3870.145858,99.54502963,97.36779373,78.32307937,-33.38134935,0,0.0,0.0,1.0,0.0,0.0,0.0,0.0,4.0
2353,35.93066613,78.38058451,5.815823364,3175.452647,97.98619513,85.64666067,94.72347437,32.70232117,0,0.0,0.0,1.0,0.0,0.0,0.0,0.0,4.0
2357,9.726892044,19.12573897,2.9803930660000004,1425.952591,105.82047390000001,313.505469,108.5825885,-15.78312515,1,0.0,0.0,1.0,0.0,0.0,0.0,0.0,4.0
2359,16.59236002,27.09983482,2.83340271,1310.110444,109.9230077,289.0774683,103.54473940000001,-6.963295971,1,0.0,0.0,1.0,0.0,0.0,0.0,0.0,4.0
2371,9.709202577000001,11.93018479,1.7300225830000002,2742.0785809999998,102.19100340000001,207.23825190000002,104.8788412,-25.71810735,1,0.0,0.0,1.0,0.0,0.0,0.0,0.0,4.0
2386,55.37578719,161.497737,7.023666382,5534.266357,104.7679115,35.07411492,96.05930175,-21.32875496,0,0.0,0.0,1.0,0.0,0.0,0.0,0.0,4.0
2388,22.69976705,41.83284986,4.147791748,1834.352191,104.29523309999999,351.1745355,97.50743991,-17.89180632,1,0.0,0.0,1.0,0.0,0.0,0.0,0.0,4.0
2389,27.00545267,48.65823415,4.264435425,3062.358216,109.07306750000001,317.0476774,89.97420794,-12.65439879,0,0.0,0.0,1.0,0.0,0.0,0.0,0.0,4.0
2396,53.30104375,110.18699550000001,5.412518921,4297.537618,107.05204740000002,65.46558792,77.35121003,12.92208586,0,0.0,0.0,1.0,0.0,0.0,0.0,0.0,4.0
2404,11.05748945,10.85323832,1.5558972169999998,835.4586775,109.7585061,174.9273119,94.44673708,-3.327703718,1,0.0,0.0,1.0,0.0,0.0,0.0,0.0,4.0
2413,16.37353727,18.699496,2.425662842,4258.752477,101.79185079999999,196.46954250000002,74.92296484,26.06563173,1,0.0,0.0,1.0,0.0,0.0,0.0,0.0,4.0
2418,57.72105952,132.20728540000002,5.8587811279999995,4189.686897,106.53486950000001,52.59571864,83.55279622,-17.35345765,0,0.0,0.0,1.0,0.0,0.0,0.0,0.0,4.0
2458,46.85643472,116.24262759999998,6.4207916260000015,3968.3829170000004,102.7830094,70.67072451,98.19042490000001,18.87641251,0,0.0,0.0,1.0,0.0,0.0,0.0,0.0,4.0
2462,33.53363409,62.54141327,4.590807495,4012.994546,109.9216423,290.5274981,81.79913878,-7.996313166,0,0.0,0.0,1.0,0.0,0.0,0.0,0.0,4.0
2468,11.30010982,11.33624204,1.555675049,1840.764462,99.49538606,178.44876519999997,97.15879265,27.41405839,1,0.0,0.0,1.0,0.0,0.0,0.0,0.0,4.0
2469,7.042852592999999,2.648584124,1.238295288,1574.1218529999999,109.201779,124.28586229999999,78.81907059,-6.492873971,1,0.0,0.0,1.0,0.0,0.0,0.0,0.0,4.0
2472,25.13528443,45.41986649,4.262769775,1334.992759,107.505027,359.71858710000015,96.50907658,10.60467,1,0.0,0.0,1.0,0.0,0.0,0.0,0.0,4.0
2473,44.90918445,93.66812534,5.299352417,3888.723314,102.0264734,94.34796005,84.96031945,21.75560617,0,0.0,0.0,1.0,0.0,0.0,0.0,0.0,4.0
2474,12.54751722,18.38710159,2.163493042,1022.065014,103.0816619,230.5627651,96.13235342,22.76088738,1,0.0,0.0,1.0,0.0,0.0,0.0,0.0,4.0
2486,27.57774176,55.267700899999994,5.126088257,2563.05532,108.9570957,368.45829689999994,101.2766228,5.832313629,0,0.0,0.0,1.0,0.0,0.0,0.0,0.0,4.0
2499,16.92737286,25.57616738,2.835586548,1949.133305,109.41001370000001,239.8330977,83.46692618,-2.478149181,1,0.0,0.0,1.0,0.0,0.0,0.0,0.0,4.0
2510,17.31927388,31.59586416,3.6740777589999998,2354.262256,91.02086757,266.24487880000004,100.4332598,-38.92358361,1,0.0,0.0,1.0,0.0,0.0,0.0,0.0,4.0
2511,24.40264928,44.02496809,4.180757446,3486.8417,105.88225859999999,295.09299260000006,83.21996003,-12.03337273,0,0.0,0.0,1.0,0.0,0.0,0.0,0.0,4.0
2516,18.49807356,31.49586689,3.27331604,1868.113709,109.93705790000001,293.9920792,96.89749743,-4.569897125,0,0.0,0.0,1.0,0.0,0.0,0.0,0.0,4.0
2518,50.29378153,79.79764921,4.500861206000001,4543.869087,107.8505176,96.34128008,66.72252527,-12.95861281,0,0.0,0.0,1.0,0.0,0.0,0.0,0.0,4.0
2522,16.93065695,29.32596622,3.0666900630000002,2954.7881260000013,104.94807970000001,264.54885690000003,93.50511499,-22.10575501,0,0.0,0.0,1.0,0.0,0.0,0.0,0.0,4.0
2524,25.29052564,45.23336011,4.2631427,1905.8152739999998,100.0358981,327.7685373,94.21429144,-25.72509743,0,0.0,0.0,1.0,0.0,0.0,0.0,0.0,4.0
2528,27.86459729,44.32657943,3.601751099,3703.8169810000004,98.36447988,248.847689,80.61130872,33.30906985,0,0.0,0.0,1.0,0.0,0.0,0.0,0.0,4.0
2532,24.18824987,47.50861631,4.67895813,3859.652528,109.9937232,343.8512663,97.92122868,5.425319184,0,0.0,0.0,1.0,0.0,0.0,0.0,0.0,4.0
2541,52.88971774,124.28453529999999,5.936777954,3926.69334,109.9854227,62.75137638,86.48903634,-4.241299037,0,0.0,0.0,1.0,0.0,0.0,0.0,0.0,4.0
2546,34.27785858,66.87963636,4.798987427,4999.715208,108.3874305,273.90364500000004,87.26851722,16.10854038,0,0.0,0.0,1.0,0.0,0.0,0.0,0.0,4.0
2552,23.73971452,39.66217624,3.732702026,2648.969934,109.3130439,294.1423421,86.84603179999998,12.83616464,1,0.0,0.0,1.0,0.0,0.0,0.0,0.0,4.0
2553,5.633841792999999,2.838392241,1.131583862,3185.664502,91.18896438,128.109112,91.5138723,34.7691083,1,0.0,0.0,1.0,0.0,0.0,0.0,0.0,4.0
2562,17.91296898,30.71252528,3.2259674069999997,3577.67489,101.94362209999998,286.64513210000007,100.6404262,30.82728764,0,0.0,0.0,1.0,0.0,0.0,0.0,0.0,4.0
2565,6.97967146,3.120322822,0.984799194,1415.674622,105.07092069999999,130.5864692,104.2023865,-17.77928888,0,0.0,0.0,1.0,0.0,0.0,0.0,0.0,4.0
2568,37.41135584,76.29515485,5.277184448,3722.023312,107.48825659999999,276.6600474,91.04900048,22.94497418,0,0.0,0.0,1.0,0.0,0.0,0.0,0.0,4.0
2572,16.20157885,15.94813736,2.050942993,1654.729678,109.53819650000001,159.3524159,75.65627490000001,-7.021270328,0,0.0,0.0,1.0,0.0,0.0,0.0,0.0,4.0
2578,12.59380385,17.80943844,2.285881958,1312.683455,109.96555190000001,234.1358206,94.63566513,-1.543425962,1,0.0,0.0,1.0,0.0,0.0,0.0,0.0,4.0
2581,27.664471799999998,51.469661,4.666672974,3370.043864,107.7261952,319.8043968,87.17791963,-18.14355555,0,0.0,0.0,1.0,0.0,0.0,0.0,0.0,4.0
2590,65.85198032,111.5399771,5.304899292,5253.278537,73.73464108,40.79927625,78.99370322,48.41899553,0,0.0,0.0,1.0,0.0,0.0,0.0,0.0,4.0
2603,40.64901259,90.87076234,5.849317017000001,5178.944286,108.1938959,100.1766064,97.14040698,-17.25173418,0,0.0,0.0,1.0,0.0,0.0,0.0,0.0,4.0
2613,17.24897294,25.6070793,2.883117065,2168.860098,109.8022369,249.85188169999998,85.55761125,-7.056625594,1,0.0,0.0,1.0,0.0,0.0,0.0,0.0,4.0
2627,28.61161604,55.41557575,4.925177612,3357.328946,108.6145824,344.09058139999996,93.55738718,-8.0856195,0,0.0,0.0,1.0,0.0,0.0,0.0,0.0,4.0
2658,17.47706426,28.33752138,2.915997925,1146.768982,109.46357009999998,256.412084,86.33039554,3.399395546,1,0.0,0.0,1.0,0.0,0.0,0.0,0.0,4.0
2669,35.47397319,66.79992914,4.637571411000001,4140.124813,97.59266934,127.32773759999999,87.74093875,-36.60968124,0,0.0,0.0,1.0,0.0,0.0,0.0,0.0,4.0
2685,33.88204595,59.80838953,4.188098755,3484.2408950000013,107.63330500000001,207.7868253,51.39678896,-10.64711171,0,0.0,0.0,1.0,0.0,0.0,0.0,0.0,4.0
2690,32.70717682,64.8705385,5.1529119869999995,3552.476109,109.425418,318.385002,90.32077419,-9.145793075,0,0.0,0.0,1.0,0.0,0.0,0.0,0.0,4.0
2742,34.64128231,70.94163764,5.362172241000001,3893.265354,108.3672294,139.3311551,95.48409926,-14.58021794,0,0.0,0.0,1.0,0.0,0.0,0.0,0.0,4.0
2763,18.63828544,32.37699793,3.328830566,1457.515472,98.16917079,309.3304313,103.180973,-33.13926218,1,0.0,0.0,1.0,0.0,0.0,0.0,0.0,4.0
2770,59.78233581,30.87998099,4.2001495360000005,5378.864487,67.03333636,42.25139767,58.75990055,-52.13216818,0,0.0,0.0,1.0,0.0,0.0,0.0,0.0,4.0
2783,21.43438348,38.98565162,3.791342163,1984.247405,93.22886679999999,300.4321656,106.048079,-39.24149970000001,1,0.0,0.0,1.0,0.0,0.0,0.0,0.0,4.0
2789,36.41870417,60.69492793,4.194003296,4180.760291,93.76000682,260.48320409999997,76.1803801,38.59885079,0,0.0,0.0,1.0,0.0,0.0,0.0,0.0,4.0
2791,37.11045453,74.93702021,5.243363647,4263.994159000002,97.00021538,135.7797743,98.65774116,43.88931252,1,0.0,0.0,1.0,0.0,0.0,0.0,0.0,4.0
2795,16.84735064,30.81433159,3.569629517,2084.0564649999997,104.6907155,319.3198177,100.875392,-19.62435041,1,0.0,0.0,1.0,0.0,0.0,0.0,0.0,4.0
2819,29.6132404,59.57166017,4.946592407,3354.280378,92.78546865,133.88050479999998,96.7988005,-33.42371456,1,0.0,0.0,1.0,0.0,0.0,0.0,0.0,4.0
2821,16.79814568,13.35432024,1.8179278559999998,2189.127259,96.0457678,162.430034,75.00958537,31.09826442,1,0.0,0.0,1.0,0.0,0.0,0.0,0.0,4.0
2824,21.21210308,34.11915521,3.262508545,1224.957211,105.6619765,282.67967180000005,86.21855283,-16.17715528,1,0.0,0.0,1.0,0.0,0.0,0.0,0.0,4.0
2829,60.63129812,139.7055087,6.03196228,4559.605512,109.9998824,48.29167983,85.50981606,1.496968532,0,0.0,0.0,1.0,0.0,0.0,0.0,0.0,4.0
2831,18.40329402,16.55480218,1.938533936,530.6310966,108.41496509999999,171.86659540000005,76.55732977,-10.64823019,1,0.0,0.0,1.0,0.0,0.0,0.0,0.0,4.0
2833,9.722720659,9.537171408999999,1.692178345,3055.39851,101.44967199999999,171.7165225,84.91884097,25.23548524,1,0.0,0.0,1.0,0.0,0.0,0.0,0.0,4.0
2842,25.311753500000002,47.62995158,4.273803101,2460.633521,86.05072319,343.3153231,101.8460177,44.19488531,1,0.0,0.0,1.0,0.0,0.0,0.0,0.0,4.0
2845,21.2308037,33.06486534,3.409387817,3132.870128,101.00472890000002,283.4975638,87.32080171,-30.93717658,0,0.0,0.0,1.0,0.0,0.0,0.0,0.0,4.0
2849,14.07961432,18.69554115,1.9600988769999999,1604.654958,102.7471272,227.00353219999997,105.45292659999998,24.15594541,1,0.0,0.0,1.0,0.0,0.0,0.0,0.0,4.0
2868,21.23254251,40.91787243,4.309086304,1456.980362,108.8124838,375.72564520000003,111.811851,7.678347652,1,0.0,0.0,1.0,0.0,0.0,0.0,0.0,4.0
2870,14.72870514,8.959326105,1.4902996830000002,3098.610842,84.44876196,115.57787909999999,77.27777419,-41.48718199,1,0.0,0.0,1.0,0.0,0.0,0.0,0.0,4.0
2875,20.93401998,39.585544299999995,4.281455688,2711.868441,109.99461869999999,369.8466875,105.85433379999999,3.944583133,0,0.0,0.0,1.0,0.0,0.0,0.0,0.0,4.0
2876,44.84655817,96.92010257,5.552702026,4211.653254,105.25044820000001,86.09417199,85.40342665,-16.15732605,0,0.0,0.0,1.0,0.0,0.0,0.0,0.0,4.0
2888,29.12675503,56.59876493,4.875726929,3051.91995,109.4645994,329.2565966,96.26059414,-12.99429882,1,0.0,0.0,1.0,0.0,0.0,0.0,0.0,4.0
2892,6.239916647,3.02402404,1.0373834229999999,891.7530412999997,109.7216986,131.1768031,97.87754973,4.550357184,1,0.0,0.0,1.0,0.0,0.0,0.0,0.0,4.0
2893,37.12195308,77.03848619,5.061918335,5183.357448,107.5883848,122.0905189,87.60650044,16.8511841,1,0.0,0.0,1.0,0.0,0.0,0.0,0.0,4.0
2899,22.79488782,39.42018765,3.4943597410000002,2304.411361,91.8088851,127.3845473,97.69920277,40.89102558,1,0.0,0.0,1.0,0.0,0.0,0.0,0.0,4.0
2905,58.12020948,158.4895182,6.393259887999999,3930.421428,109.3405162,65.63782739999999,93.77172174,6.331766745,0,0.0,0.0,1.0,0.0,0.0,0.0,0.0,4.0
2915,59.35257073,128.06364250000001,5.683742065,4212.753065,99.00753061,62.49743399,78.32223371,26.921924699999998,0,0.0,0.0,1.0,0.0,0.0,0.0,0.0,4.0
2928,35.45265126,68.30953894,4.558467407,4326.758703,98.32148178,101.8929725,83.8959402,31.93252108,0,0.0,0.0,1.0,0.0,0.0,0.0,0.0,4.0
2930,27.44841449,54.05972327,4.961159058,3452.295362,108.6125179,348.8521613,96.73766714,14.85707435,1,0.0,0.0,1.0,0.0,0.0,0.0,0.0,4.0
2937,14.44015969,21.21205335,2.454711914,2496.985019,107.13448799999999,233.9651525,87.75917058,17.46374223,1,0.0,0.0,1.0,0.0,0.0,0.0,0.0,4.0
2940,39.89533657,80.98547067,5.170214233,4492.803106,109.65936200000002,130.05358,84.93556008,14.12032556,0,0.0,0.0,1.0,0.0,0.0,0.0,0.0,4.0
2949,24.85388372,47.44258599,4.641817017,3115.651121,109.40272279999999,349.39013589999996,98.36380159,-11.38873741,0,0.0,0.0,1.0,0.0,0.0,0.0,0.0,4.0
2955,38.82473083,79.34304274,5.673173218,3536.302202000001,107.3792623,140.528403,91.90733809,-16.66856919,0,0.0,0.0,1.0,0.0,0.0,0.0,0.0,4.0
2956,55.21216715,105.3134788,5.214995728,4414.137821,96.41822685,75.10361444,75.06363189,32.5950869,0,0.0,0.0,1.0,0.0,0.0,0.0,0.0,4.0
2972,14.16108092,20.53931393,2.438596191,3181.297594,106.23014679999999,242.5873952,90.20818516,20.43716851,1,0.0,0.0,1.0,0.0,0.0,0.0,0.0,4.0
2974,7.480362611,0.847180433,1.128859253,1056.012175,109.8146669,111.48380379999999,77.8122693,-3.26219657,1,0.0,0.0,1.0,0.0,0.0,0.0,0.0,4.0
2975,57.47399221,81.7860147,4.500221558,4675.242672,88.82137118,55.14478961,66.47660158,37.72566853,1,0.0,0.0,1.0,0.0,0.0,0.0,0.0,4.0
2976,39.12169026,84.4413744,5.7979925539999995,3830.6215700000002,95.83662783,116.23444939999999,102.8491138,34.08045883,1,0.0,0.0,1.0,0.0,0.0,0.0,0.0,4.0
2977,11.38477992,1.499078444,1.4810430909999999,3463.861219,97.80706364,84.76173163,61.94675188,27.45238727,0,0.0,0.0,1.0,0.0,0.0,0.0,0.0,4.0
2981,27.03107647,38.18864018,3.4431781010000004,3543.7712579999998,109.08119690000001,229.4439363,68.70765678,10.6487105,1,0.0,0.0,1.0,0.0,0.0,0.0,0.0,4.0
2985,48.46136966,98.55016603,5.140015259,5460.726605,100.3991478,88.40156635,81.25802371,28.99438619,0,0.0,0.0,1.0,0.0,0.0,0.0,0.0,4.0
2988,10.42201867,10.63940408,1.594850464,2058.834667,109.1265628,156.27305719999995,98.34190094,9.845041021,0,0.0,0.0,1.0,0.0,0.0,0.0,0.0,4.0
2996,7.067863924,3.7875280680000003,1.064517212,2134.3589079999997,92.98616965,135.59917140000002,101.28547540000001,-33.40478358,1,0.0,0.0,1.0,0.0,0.0,0.0,0.0,4.0
2999,11.64271157,16.35433123,2.235180054,2905.425721,95.12863715,236.49197859999998,96.39006705,-34.72137463,1,0.0,0.0,1.0,0.0,0.0,0.0,0.0,4.0
3004,51.65917315,124.6013943,5.962333374,4906.655844,106.36246709999999,90.51627158,89.41306621,21.99844774,1,0.0,0.0,1.0,0.0,0.0,0.0,0.0,4.0
3010,28.76388519,57.45041850000001,5.2495440669999995,3344.141234,109.7085122,399.51174689999993,102.0733315,9.700743366000001,1,0.0,0.0,1.0,0.0,0.0,0.0,0.0,4.0
3011,59.03256421,125.11343240000001,5.616132202,3647.410222,92.33221076,69.91989965,81.9614495,-36.42591894,0,0.0,0.0,1.0,0.0,0.0,0.0,0.0,4.0
3016,14.45747522,22.8605396,2.674592896,2098.971179,108.5362919,272.0462534,97.14935264,12.94095258,1,0.0,0.0,1.0,0.0,0.0,0.0,0.0,4.0
3036,12.65561768,16.76265038,1.9583630369999998,2136.725914,89.77889695,231.2604867,102.4073593,-38.02353005,1,0.0,0.0,1.0,0.0,0.0,0.0,0.0,4.0
3043,38.90959192,82.7264098,5.402554321,4340.6063189999995,107.0294205,111.53363909999999,93.7391927,-12.01305459,0,0.0,0.0,1.0,0.0,0.0,0.0,0.0,4.0
3053,44.36397019,82.45355902,4.9730340580000005,3975.881351,107.1118582,266.1408501,77.14759321,12.82290958,0,0.0,0.0,1.0,0.0,0.0,0.0,0.0,4.0
3057,24.36860876,43.88903482,4.0642352289999994,1940.89555,107.5519365,365.4181014,98.98688808,-11.86589695,0,0.0,0.0,1.0,0.0,0.0,0.0,0.0,4.0
3061,42.17935595,85.21552719,4.977177124,4602.3433159999995,107.30216899999999,124.12863229999999,86.03312525,11.93365989,0,0.0,0.0,1.0,0.0,0.0,0.0,0.0,4.0
3067,60.22189516,107.4130088,5.119503784,4061.7985710000003,109.8871186,70.22691295,74.97659843,3.224396763,0,0.0,0.0,1.0,0.0,0.0,0.0,0.0,4.0
3070,26.52020069,46.34588051,4.162097778,2648.822247,103.4610732,322.310227,89.59090588,20.57373224,1,0.0,0.0,1.0,0.0,0.0,0.0,0.0,4.0
3071,13.72041233,20.69567579,2.518511963,660.0659226,109.10461229999999,258.4090336,93.35629218,6.829902708,1,0.0,0.0,1.0,0.0,0.0,0.0,0.0,4.0
3093,30.75174469,44.09228494,3.499743042,3907.451415,104.02261829999999,213.4147805,71.08486289,24.03762532,1,0.0,0.0,1.0,0.0,0.0,0.0,0.0,4.0
3105,21.14802593,41.483067999999996,4.292954712,2119.233771,109.7693882,320.5947419,98.66710216,4.441844014,1,0.0,0.0,1.0,0.0,0.0,0.0,0.0,4.0
3107,23.06977828,40.61423816,3.8361676030000003,1508.454475,106.2406926,328.732011,94.6380138,21.39326179,0,0.0,0.0,1.0,0.0,0.0,0.0,0.0,4.0
3112,30.718309899999998,51.78112302,4.082531128,3486.615214,106.7643301,264.957788,81.88722444,26.6926778,0,0.0,0.0,1.0,0.0,0.0,0.0,0.0,4.0
3115,38.00411733,73.84987947,4.686221313,3991.657151,104.6810505,101.1620525,76.00689051,-16.962537,0,0.0,0.0,1.0,0.0,0.0,0.0,0.0,4.0
3117,35.98127784,70.34117107,4.707470093,4012.065553,109.8985632,192.41303,83.22727836,0.07036542900000001,0,0.0,0.0,1.0,0.0,0.0,0.0,0.0,4.0
3121,25.46502562,43.85491634,3.9452008060000003,4242.67033,98.89552799,287.0113472,85.10077159,35.91236883,0,0.0,0.0,1.0,0.0,0.0,0.0,0.0,4.0
3135,50.96256373,110.4913825,5.400187377999999,4067.064232,108.7796919,92.53173449,81.45347497,-3.211942311,0,0.0,0.0,1.0,0.0,0.0,0.0,0.0,4.0
3137,25.92937068,47.91520802,3.951831665,3905.2306740000004,97.76150488,224.1216546,87.67392715,-36.56404396,0,0.0,0.0,1.0,0.0,0.0,0.0,0.0,4.0
3158,18.03555234,29.17380269,3.123886108,2172.344841,109.6400509,254.2333445,86.27381722,0.845531138,1,0.0,0.0,1.0,0.0,0.0,0.0,0.0,4.0
3168,19.61287212,35.56259874,3.472300415,2424.250743,109.30359159999999,278.2135185,96.63309866,-9.441451364,0,0.0,0.0,1.0,0.0,0.0,0.0,0.0,4.0
3169,12.33034343,19.27838728,2.601659546,1101.435342,109.7570217,258.3062508,96.16618304,-2.214862643,1,0.0,0.0,1.0,0.0,0.0,0.0,0.0,4.0
3173,10.23937388,11.11697698,1.5061590580000002,626.1568951,105.89573119999999,184.7412395,105.5352758,-15.77521299,1,0.0,0.0,1.0,0.0,0.0,0.0,0.0,4.0
3175,22.11248766,40.51287281,3.659873657,1088.032095,104.9652257,305.2693374,96.3922466,-14.97330041,1,0.0,0.0,1.0,0.0,0.0,0.0,0.0,4.0
3182,13.82052867,26.13131485,3.1277410889999997,1428.108665,109.7334971,286.9195948,101.099514,6.372284604,0,0.0,0.0,1.0,0.0,0.0,0.0,0.0,4.0
3183,9.448367569,6.8704942120000005,1.335651245,1788.4913530000001,93.77505929,145.48763530000005,91.22226928,-32.57394113,1,0.0,0.0,1.0,0.0,0.0,0.0,0.0,4.0
3189,36.18207271,49.86737586,3.6021429439999997,4597.927479,100.5288184,210.16782909999998,67.09992496,32.5319712,1,0.0,0.0,1.0,0.0,0.0,0.0,0.0,4.0
3204,24.54677759,46.25160696,4.345292358,3485.17404,103.7885256,267.7666108,98.42863019,-31.83196054,1,0.0,0.0,1.0,0.0,0.0,0.0,0.0,4.0
3207,15.52095445,19.26904206,2.2550115969999998,2603.797369000001,94.59638303,201.8613443,81.26911131,-34.81421411,1,0.0,0.0,1.0,0.0,0.0,0.0,0.0,4.0
3209,46.52464060000001,64.60383701,4.179640503,4804.59445,83.28308475,79.84428753,65.16940434,45.05572318,0,0.0,0.0,1.0,0.0,0.0,0.0,0.0,4.0
3227,53.33038016,75.09986833,4.353512573,3975.275607,88.72985805,78.45379599,65.80796615,39.93223052,0,0.0,0.0,1.0,0.0,0.0,0.0,0.0,4.0
3228,33.6580248,67.3528057,5.249472046,2987.216161,109.14836319999999,200.88151059999998,91.32588341,-11.30100946,0,0.0,0.0,1.0,0.0,0.0,0.0,0.0,4.0
3234,36.48713533,74.98877540000002,5.3711297610000015,2279.452569,92.7056415,123.38212299999999,100.7940788,36.12813531,1,0.0,0.0,1.0,0.0,0.0,0.0,0.0,4.0
3235,35.91550453,72.77713428,5.041226196,3840.5885829999997,103.29315140000001,134.35314340000002,84.25390034,-20.28654311,0,0.0,0.0,1.0,0.0,0.0,0.0,0.0,4.0
3244,15.93469879,21.19749635,2.5253546140000003,2276.02486,103.07671579999999,231.9825256,87.43188371,-23.64589172,1,0.0,0.0,1.0,0.0,0.0,0.0,0.0,4.0
3256,6.228776237000001,1.8008376380000002,0.86499939,1324.065698,108.53365559999999,118.376455,108.232243,-9.594872479,1,0.0,0.0,1.0,0.0,0.0,0.0,0.0,4.0
3259,22.65658906,37.12342584,3.702494507,2098.798253,109.7556174,282.9692329,83.04029568,-5.4459040970000006,0,0.0,0.0,1.0,0.0,0.0,0.0,0.0,4.0
3262,45.76362224,93.59149959999999,5.035498657,5214.076972999998,90.721776,90.73564364,86.95498325,43.32531815,0,0.0,0.0,1.0,0.0,0.0,0.0,0.0,4.0
3264,25.48317281,42.07725893,3.695831909,4060.009728,107.3444993,261.82111319999996,80.19385666,-18.38789223,0,0.0,0.0,1.0,0.0,0.0,0.0,0.0,4.0
3279,16.80046207,27.81495264,3.056350708,2482.4576190000002,108.5144344,293.8850683,96.83237568,16.25932434,1,0.0,0.0,1.0,0.0,0.0,0.0,0.0,4.0
3296,40.28756701,91.79860049,6.001220093,3654.228681,103.9288335,98.69240469,96.20396304,-16.01940615,0,0.0,0.0,1.0,0.0,0.0,0.0,0.0,4.0
3297,11.60186585,8.966770575,1.391786499,771.1298706,109.64876880000001,153.32179209999995,94.08349416,-4.719417487,1,0.0,0.0,1.0,0.0,0.0,0.0,0.0,4.0
3308,6.96786127,5.910369426,1.253518677,3328.603103,97.01023422,108.7329898,102.52021529999999,30.02994013,1,0.0,0.0,1.0,0.0,0.0,0.0,0.0,4.0
3309,17.40082851,20.58444649,2.478500366,2919.924582,108.9046577,190.80687269999999,71.92680437,-10.70323721,1,0.0,0.0,1.0,0.0,0.0,0.0,0.0,4.0
3317,4.280199775,2.121910405,0.9655999759999999,2411.8030120000008,106.28515349999999,121.50928259999999,101.5650572,-15.613609,1,0.0,0.0,1.0,0.0,0.0,0.0,0.0,4.0
3323,38.82033025,79.68466728,5.352147827,4020.7730380000003,105.0534953,122.03241840000001,86.68623659,-21.51185267,0,0.0,0.0,1.0,0.0,0.0,0.0,0.0,4.0
3335,16.83149281,27.77107303,2.795802002,1772.652802,93.58910324,267.7559026,97.93886435,-36.19848287,1,0.0,0.0,1.0,0.0,0.0,0.0,0.0,4.0
3345,39.66629907,87.20226694,5.673884888,3959.589449,108.27907340000002,106.4949847,93.92643065,14.46927552,0,0.0,0.0,1.0,0.0,0.0,0.0,0.0,4.0
3346,24.15791045,41.604025,3.932005005,4119.386875,96.59957305,311.3240214,93.2112198,37.94752873,0,0.0,0.0,1.0,0.0,0.0,0.0,0.0,4.0
3348,7.375661346,3.038114601,1.010255737,1927.8790649999999,98.0788354,127.30329280000001,100.0199364,27.64250603,1,0.0,0.0,1.0,0.0,0.0,0.0,0.0,4.0
3353,17.74253709,31.32103605,3.5435321039999996,2308.185952,109.71832340000002,326.17330219999997,99.2501585,7.588333082,1,0.0,0.0,1.0,0.0,0.0,0.0,0.0,4.0
3357,15.54443254,22.83894697,2.4276354980000003,797.1373751,103.53502420000001,246.31950299999997,96.5408802,-22.15883536,1,0.0,0.0,1.0,0.0,0.0,0.0,0.0,4.0
3365,49.24360099,100.51956240000001,5.283358765,4713.305326,109.99951680000001,55.769931299999996,84.53289659,1.87257232,0,0.0,0.0,1.0,0.0,0.0,0.0,0.0,4.0
3367,26.51774186,53.18481310000001,4.859901733,2872.944467000001,109.35882579999999,345.3147876,96.40844416,-11.16888016,0,0.0,0.0,1.0,0.0,0.0,0.0,0.0,4.0
3382,16.28624811,25.90481654,2.941821899,2397.674439,109.7335357,277.589715,92.86810537,8.41770148,1,0.0,0.0,1.0,0.0,0.0,0.0,0.0,4.0
3386,5.915459863,3.749334924,1.154473267,3100.9280350000013,96.13270379999999,107.6493156,93.61952206,-30.21566616,0,0.0,0.0,1.0,0.0,0.0,0.0,0.0,4.0
3389,29.73187451,58.14709616,4.971100464,3704.3625859999997,108.76432450000001,320.1681357,92.96241182,-5.460686035,0,0.0,0.0,1.0,0.0,0.0,0.0,0.0,4.0
3394,22.59769683,39.74904347,4.017109985,2730.324108,109.6805086,316.380479,92.01574748,-7.991864667000001,0,0.0,0.0,1.0,0.0,0.0,0.0,0.0,4.0
3397,9.441028859,7.732938344,1.296793823,1071.785288,97.18198338,153.0888394,98.82292106,-29.03448546,1,0.0,0.0,1.0,0.0,0.0,0.0,0.0,4.0
3404,46.87693534,114.43656029999998,6.1711944579999995,3413.4433229999995,107.6311717,105.3979645,91.33892833,-6.387007565,0,0.0,0.0,1.0,0.0,0.0,0.0,0.0,4.0
3405,41.74950622,89.21006202,5.604122925,3946.8831090000003,109.1624283,103.8654871,94.68685272,14.57227945,0,0.0,0.0,1.0,0.0,0.0,0.0,0.0,4.0
3406,26.21741439,48.62110345,4.137837524,4690.623262,101.3309998,286.8205385,94.66047085,-31.08018192,0,0.0,0.0,1.0,0.0,0.0,0.0,0.0,4.0
3415,54.93749399,131.0197064,5.7940081789999995,5178.305172,90.52792213,102.561622,94.16522687,42.37909006,0,0.0,0.0,1.0,0.0,0.0,0.0,0.0,4.0
3419,44.04948214,83.12471791,4.589609985,4394.5851649999995,88.28399882,103.0558173,82.70110052,46.34517128,0,0.0,0.0,1.0,0.0,0.0,0.0,0.0,4.0
3433,39.69892407,79.80309348,5.278981323,3021.299608,109.8974997,298.0600826000001,84.55478438,7.5921193570000005,0,0.0,0.0,1.0,0.0,0.0,0.0,0.0,4.0
3450,35.36139201,68.96225466,5.190903931,2552.065577,105.370193,335.447842,90.77757172,-20.00862016,0,0.0,0.0,1.0,0.0,0.0,0.0,0.0,4.0
3455,21.50414337,34.06603989,3.300410767,2177.979185,95.93408767,297.797721,99.50173414,36.16194558,0,0.0,0.0,1.0,0.0,0.0,0.0,0.0,4.0
3482,17.15209657,31.47156757,3.484481812,2288.814305,93.93698578,326.4011327,102.5993132,-37.53140772,1,0.0,0.0,1.0,0.0,0.0,0.0,0.0,4.0
3498,22.19311196,38.92530870000001,3.9946490480000003,2117.175243,107.64034879999998,310.6782065,90.14361496,-14.98709726,0,0.0,0.0,1.0,0.0,0.0,0.0,0.0,4.0
3506,17.0792332,24.96389641,2.799421997,2799.419534,102.3675377,255.3828569,83.22216618,24.54038305,1,0.0,0.0,1.0,0.0,0.0,0.0,0.0,4.0
3513,64.50192433,133.5114746,5.619432982999999,4377.126005,74.06949367,45.95912756,87.53616736,49.74355209,0,0.0,0.0,1.0,0.0,0.0,0.0,0.0,4.0
3519,39.09774602,71.78947742,4.682678833,3614.8538240000003,93.65823272,273.3405227,81.61480035,36.31816228,0,0.0,0.0,1.0,0.0,0.0,0.0,0.0,4.0
3525,19.82159921,27.26772664,2.593391724,2559.9774429999998,92.352616,241.6199517,90.56725473,39.41006363,1,0.0,0.0,1.0,0.0,0.0,0.0,0.0,4.0
3532,30.82084229,62.55851311,5.559028931,3357.9987229999997,94.15203439,151.2777843,99.96569504,-35.57543192,1,0.0,0.0,1.0,0.0,0.0,0.0,0.0,4.0
3537,20.53356757,39.703684100000004,4.442096558,2878.727737,109.57608770000002,353.74268639999997,96.91860898,-3.5799582780000003,0,0.0,0.0,1.0,0.0,0.0,0.0,0.0,4.0
3542,17.82856008,28.773920299999997,3.17105896,3606.891574,87.68977131,270.54913450000004,89.72824849999998,43.64466575,1,0.0,0.0,1.0,0.0,0.0,0.0,0.0,4.0
3547,24.96241052,47.22790135,4.57182312,3303.8841,109.1760438,342.6818535,95.57175439,12.63568258,0,0.0,0.0,1.0,0.0,0.0,0.0,0.0,4.0
3552,23.64376508,42.45091421,4.147094116,3207.5515609999998,108.44180630000001,329.9057004,94.72482468,17.37692363,1,0.0,0.0,1.0,0.0,0.0,0.0,0.0,4.0
3565,30.15471002,56.94334409,4.733023071,3123.0832600000012,109.9593868,327.1562274,88.08950658,-2.682422585,0,0.0,0.0,1.0,0.0,0.0,0.0,0.0,4.0
3566,39.3614415,80.93531429999999,5.325578003,4715.5732259999995,105.6738818,130.479081,90.22428567,-21.52633519,0,0.0,0.0,1.0,0.0,0.0,0.0,0.0,4.0
3569,13.39009029,22.61450655,2.9080657960000003,1642.3707,99.33568932,292.4784913000001,105.5024895,-30.38313887,0,0.0,0.0,1.0,0.0,0.0,0.0,0.0,4.0
3571,54.47014897,116.1581564,5.60121521,3573.716907,81.41352836,61.01849765,81.56931369,-44.37338471,0,0.0,0.0,1.0,0.0,0.0,0.0,0.0,4.0
3587,29.026851399999998,58.78234552,5.087197876,3836.727182,106.89466829999999,370.47062539999996,99.46873262,-20.13358461,1,0.0,0.0,1.0,0.0,0.0,0.0,0.0,4.0
3588,6.570475482000001,4.281215479,1.157474976,1770.6857690000006,102.82922629999999,148.0824018,100.6729096,22.00973846,1,0.0,0.0,1.0,0.0,0.0,0.0,0.0,4.0
3627,28.98979931,59.10767798,5.579777222000001,3114.730486,107.1117301,383.8923709,99.02605611,14.47281388,1,0.0,0.0,1.0,0.0,0.0,0.0,0.0,4.0
3634,9.427762327,10.51533482,1.660136108,2281.941473,107.61072309999999,191.7649277,97.82853049,-14.98902284,1,0.0,0.0,1.0,0.0,0.0,0.0,0.0,4.0
3635,22.24955593,40.30694026,4.024244995,1400.2670449999994,105.957493,347.2717068,100.1245535,-17.66626168,0,0.0,0.0,1.0,0.0,0.0,0.0,0.0,4.0
3642,17.34975463,25.29750237,2.7413311769999997,1660.5933810000001,96.79510238,251.78700389999997,86.09337365,-32.01473861,1,0.0,0.0,1.0,0.0,0.0,0.0,0.0,4.0
3643,33.68172872,70.05414788,5.260352173,2331.42266,87.02363526,115.49011829999999,99.3259078,-44.81956157,1,0.0,0.0,1.0,0.0,0.0,0.0,0.0,4.0
3657,20.56811969,38.1431513,3.982023315,1461.126864,104.64957840000001,367.2590674,103.5076154,-22.05937842,1,0.0,0.0,1.0,0.0,0.0,0.0,0.0,4.0
3686,46.58378057,97.23019022,5.414369507000001,4221.306640999999,97.19249935,81.45890083,85.76546073,34.09166228,0,0.0,0.0,1.0,0.0,0.0,0.0,0.0,4.0
3689,32.62845833,67.01522475,5.6684588620000005,3412.0442479999997,108.78440619999999,362.6342341,97.38546219,5.478381856,0,0.0,0.0,1.0,0.0,0.0,0.0,0.0,4.0
3692,10.96161748,13.82333784,1.71031311,1649.4116800000006,94.27476259,216.14056150000002,105.45181140000001,34.39139069,1,0.0,0.0,1.0,0.0,0.0,0.0,0.0,4.0
3694,22.40918184,38.65723178,3.794551392,3738.112736,104.1823898,296.2490926000001,88.92335493,-24.77367908,0,0.0,0.0,1.0,0.0,0.0,0.0,0.0,4.0
3695,48.91850743,103.74664449999999,5.411035767,4436.576072,101.4050684,79.54266226,83.49240493,29.30618279,0,0.0,0.0,1.0,0.0,0.0,0.0,0.0,4.0
3698,31.04697031,57.08464594,4.32901062,4093.563778,99.13434168,274.06843460000005,86.2977657,35.51017795,0,0.0,0.0,1.0,0.0,0.0,0.0,0.0,4.0
3700,14.22808397,16.92610239,2.044472046,2266.241677,95.07011526,201.6354719,87.47234609,-34.05472109,1,0.0,0.0,1.0,0.0,0.0,0.0,0.0,4.0
3711,21.51087768,36.44982237,3.651696167,3662.49169,105.8575078,266.5489477,85.63360096,-22.30539713,0,0.0,0.0,1.0,0.0,0.0,0.0,0.0,4.0
3715,30.03549688,54.65486561,4.579634399,3789.455045,109.32514450000001,290.7157021000001,85.30075281,15.50851221,0,0.0,0.0,1.0,0.0,0.0,0.0,0.0,4.0
3723,33.79525897,67.76303026,5.108012085,4612.031913000002,106.9619618,296.19253239999995,93.42082175,26.93676292,0,0.0,0.0,1.0,0.0,0.0,0.0,0.0,4.0
3725,13.20188589,15.52757351,1.922717896,2647.305945,85.84081108,208.6536561,98.53756992,-43.68191515,1,0.0,0.0,1.0,0.0,0.0,0.0,0.0,4.0
3729,18.81241687,30.62301679,3.203772583,1979.5080699999999,95.13247058,301.2640722,102.3416547,36.95059793,0,0.0,0.0,1.0,0.0,0.0,0.0,0.0,4.0
3732,17.93857212,34.84618785,4.234030151,1978.0463300000001,109.63922509999999,358.85659960000015,107.1942055,-1.4540812,0,0.0,0.0,1.0,0.0,0.0,0.0,0.0,4.0
3733,58.60973226,88.38759666,4.980921021,5132.855972,80.35302797,55.87372795,70.55195263,44.06090415,0,0.0,0.0,1.0,0.0,0.0,0.0,0.0,4.0
